/*
Navicat MySQL Data Transfer

Source Server         : xie
Source Server Version : 50714
Source Host           : 169.254.140.79:3306
Source Database       : db_hotel

Target Server Type    : MYSQL
Target Server Version : 50714
File Encoding         : 65001

Date: 2018-01-29 14:13:45
*/

SET FOREIGN_KEY_CHECKS=0;

-- ----------------------------
-- Table structure for admin
-- ----------------------------
DROP TABLE IF EXISTS `admin`;
CREATE TABLE `admin` (
  `id` int(5) NOT NULL AUTO_INCREMENT,
  `username` varchar(20) CHARACTER SET utf8 COLLATE utf8_unicode_ci NOT NULL,
  `password` varchar(12) CHARACTER SET utf8 COLLATE utf8_unicode_ci NOT NULL,
  `status` int(2) NOT NULL,
  `telephone` varchar(11) CHARACTER SET utf8 COLLATE utf8_unicode_ci DEFAULT NULL COMMENT '手机号',
  `gender` varchar(2) CHARACTER SET utf8 COLLATE utf8_unicode_ci NOT NULL COMMENT '性别',
  `birthday` varchar(22) CHARACTER SET utf8 COLLATE utf8_unicode_ci DEFAULT NULL COMMENT '出生日期',
  `name` varchar(30) CHARACTER SET utf8 COLLATE utf8_unicode_ci NOT NULL COMMENT '姓名',
  PRIMARY KEY (`id`)
) ENGINE=InnoDB AUTO_INCREMENT=34 DEFAULT CHARSET=utf8;

-- ----------------------------
-- Records of admin
-- ----------------------------
INSERT INTO `admin` VALUES ('1', 'admin', 'admin', '1', null, '', null, '');
INSERT INTO `admin` VALUES ('2', 'test', 'test', '0', null, '', null, '');
INSERT INTO `admin` VALUES ('3', '1', '1', '0', null, '', null, '');
INSERT INTO `admin` VALUES ('4', '', '', '0', null, '', null, '');
INSERT INTO `admin` VALUES ('5', '', '', '0', null, '', null, '');
INSERT INTO `admin` VALUES ('6', '', '', '0', null, '', null, '');
INSERT INTO `admin` VALUES ('7', '', '', '0', null, '', null, '');
INSERT INTO `admin` VALUES ('8', '', '', '0', null, '', null, '');
INSERT INTO `admin` VALUES ('9', '', '', '0', null, '', null, '');
INSERT INTO `admin` VALUES ('10', '', '', '0', null, '', null, '');
INSERT INTO `admin` VALUES ('11', '', '', '0', null, '', null, '');
INSERT INTO `admin` VALUES ('12', '', '', '0', null, '', null, '');
INSERT INTO `admin` VALUES ('13', '', '', '0', null, '', null, '');
INSERT INTO `admin` VALUES ('14', '', '', '0', null, '', null, '');
INSERT INTO `admin` VALUES ('15', '', '', '0', null, '', null, '');
INSERT INTO `admin` VALUES ('16', '', '', '0', null, '', null, '');
INSERT INTO `admin` VALUES ('17', '', '', '0', null, '', null, '');
INSERT INTO `admin` VALUES ('18', '', '', '0', null, '', null, '');
INSERT INTO `admin` VALUES ('19', '', '', '0', null, '', null, '');
INSERT INTO `admin` VALUES ('20', '', '', '0', null, '', null, '');
INSERT INTO `admin` VALUES ('21', '', '', '0', null, '', null, '');
INSERT INTO `admin` VALUES ('22', '', '', '0', null, '', null, '');
INSERT INTO `admin` VALUES ('23', '', '', '0', null, '', null, '');
INSERT INTO `admin` VALUES ('24', '', '', '0', null, '', null, '');
INSERT INTO `admin` VALUES ('25', '', '', '0', null, '', null, '');
INSERT INTO `admin` VALUES ('26', '', '', '0', null, '', null, '');
INSERT INTO `admin` VALUES ('27', '', '', '0', null, '', null, '');
INSERT INTO `admin` VALUES ('28', '', '', '0', null, '', null, '');
INSERT INTO `admin` VALUES ('29', '', '', '0', null, '', null, '');
INSERT INTO `admin` VALUES ('30', '', '', '0', null, '', null, '');
INSERT INTO `admin` VALUES ('31', '', '', '0', null, '', null, '');
INSERT INTO `admin` VALUES ('32', '', '', '0', null, '', null, '');
INSERT INTO `admin` VALUES ('33', '', '', '0', null, '', null, '');

-- ----------------------------
-- Table structure for evaluation
-- ----------------------------
DROP TABLE IF EXISTS `evaluation`;
CREATE TABLE `evaluation` (
  `id` int(10) NOT NULL AUTO_INCREMENT COMMENT '评价id',
  `hotelId` varchar(10) CHARACTER SET utf8 COLLATE utf8_unicode_ci NOT NULL COMMENT '订单id',
  `evaluateTime` varchar(14) CHARACTER SET utf8 COLLATE utf8_unicode_ci DEFAULT NULL COMMENT '评价时间',
  `userId` int(10) DEFAULT NULL COMMENT '用户id',
  `content` varchar(100) CHARACTER SET utf8 COLLATE utf8_unicode_ci DEFAULT NULL COMMENT '评价内容',
  `roomId` int(10) NOT NULL COMMENT '房间ID',
  `price` decimal(10,2) NOT NULL COMMENT '房间价格',
  `date` varchar(255) NOT NULL COMMENT '日期',
  PRIMARY KEY (`id`)
) ENGINE=InnoDB AUTO_INCREMENT=2 DEFAULT CHARSET=utf8;

-- ----------------------------
-- Records of evaluation
-- ----------------------------
INSERT INTO `evaluation` VALUES ('1', '1', '', null, null, '1', '178.00', '1-26');

-- ----------------------------
-- Table structure for hotel
-- ----------------------------
DROP TABLE IF EXISTS `hotel`;
CREATE TABLE `hotel` (
  `id` int(10) NOT NULL AUTO_INCREMENT COMMENT '酒店id',
  `hotelName` varchar(50) CHARACTER SET utf8 COLLATE utf8_unicode_ci DEFAULT NULL COMMENT '酒店名称',
  `enghotelName` varchar(255) DEFAULT NULL COMMENT '酒店英文名',
  `subject` int(1) DEFAULT NULL COMMENT '酒店主题',
  `address` varchar(100) CHARACTER SET utf8 COLLATE utf8_unicode_ci DEFAULT NULL COMMENT '酒店地址',
  `Ticket` int(255) DEFAULT NULL,
  `hasWifi` int(1) DEFAULT NULL COMMENT '是否有wifi:1-有，2-无',
  `hasParking` int(1) DEFAULT NULL COMMENT '可否停车：1-可以，2-不可以',
  `hasPackage` int(1) DEFAULT NULL COMMENT '可否寄存行李：1-可以，2-不可以',
  `hasMeetingRoom` int(1) DEFAULT NULL COMMENT '是否有会议室：1-有；2-无',
  `starttime` varchar(32) CHARACTER SET utf8 COLLATE utf8_unicode_ci DEFAULT NULL COMMENT '开业时间',
  `decoratetime` varchar(32) CHARACTER SET utf8 COLLATE utf8_unicode_ci DEFAULT NULL COMMENT '装修时间',
  `evaluationId` varchar(10) DEFAULT NULL COMMENT '评价表单id',
  `image1` varchar(150) CHARACTER SET utf8 COLLATE utf8_unicode_ci DEFAULT NULL COMMENT '酒店主图1',
  `image2` varchar(150) CHARACTER SET utf8 COLLATE utf8_unicode_ci DEFAULT NULL COMMENT '酒店主图2',
  `image3` varchar(150) CHARACTER SET utf8 COLLATE utf8_unicode_ci DEFAULT NULL COMMENT '酒店主图3',
  `image4` varchar(150) CHARACTER SET utf8 COLLATE utf8_lithuanian_ci DEFAULT NULL COMMENT '酒店主图4',
  `image5` varchar(150) CHARACTER SET utf8 COLLATE utf8_unicode_ci DEFAULT NULL COMMENT '酒店主图5',
  `minPrice` int(10) DEFAULT NULL COMMENT '该酒店房间的最低价格',
  `kindDescription` varchar(500) CHARACTER SET utf8 COLLATE utf8_unicode_ci DEFAULT NULL COMMENT '酒店特色介绍',
  `kindType` int(1) DEFAULT '1' COMMENT '酒店类型：1、主题酒店；2、特色酒店；3、特惠酒店',
  `stars` int(1) DEFAULT '3' COMMENT '几星级',
  `hot` int(1) DEFAULT NULL COMMENT '1代表热门酒店 0代表非热门酒店',
  `hasbreakfast` int(1) DEFAULT NULL COMMENT '有无早餐 有1 没有0',
  `score` int(1) DEFAULT NULL COMMENT '评分',
  `Laundry` int(1) DEFAULT NULL,
  `Restaurant` int(1) DEFAULT NULL,
  `Spa` int(1) DEFAULT NULL,
  `bar` int(1) DEFAULT NULL,
  `fit` int(1) DEFAULT NULL,
  `children` int(1) DEFAULT NULL,
  `lift` int(1) DEFAULT NULL,
  PRIMARY KEY (`id`)
) ENGINE=InnoDB AUTO_INCREMENT=18 DEFAULT CHARSET=utf8;

-- ----------------------------
-- Records of hotel
-- ----------------------------
INSERT INTO `hotel` VALUES ('1', '杭州开元名都大酒店', 'New Century Grand Hotel', '10', '浙江省杭州市 萧山区市心中路818号', '1', '0', '1', '0', '1', '2017-02-17 09:25', '2017-02-01 01:05', '', 'http://dimg04.c-ctrip.com/images/220o0g0000007v0069D06_W_1600_1200_Q70.jpg', 'http://dimg04.c-ctrip.com/images/22010g0000007w5s8B2B2_W_1600_1200_Q70.jpg', 'http://dimg04.c-ctrip.com/images/20020o000000ew7rnE30B_W_1600_1200_Q70.jpg', 'http://dimg04.c-ctrip.com/images/220k0n000000eni2lB29E_W_1600_1200_Q70.jpg', 'http://dimg04.c-ctrip.com/images/200d0b0000005kz2q38BC_W_1600_1200_Q70.jpg', '630', '高端，亚洲，会所', '1', '5', '1', '1', '9', '1', '1', '1', '1', '1', '0', '1');
INSERT INTO `hotel` VALUES ('2', '杭州凯悦酒店', 'Hyatt Regency Hangzhou', '10', '杭州市 上城区 湖滨路28号 ，与平海路交叉口处。', '1', '1', '1', '1', '1', '2017-02-17 09:25', '2017-02-01 01:05', '', 'http://dimg04.c-ctrip.com/images/200t0k000000c3wuq7FB5_W_1600_1200_Q70.jpg', 'http://dimg04.c-ctrip.com/images/200e0o000000erxd9D53F_W_1600_1200_Q70.jpg', 'http://dimg04.c-ctrip.com/images/fd/hotel/g1/M05/F8/2A/CghzfFTJ3DeAQL9CAAO0F2o0ctU049_W_1600_1200_Q70.jpg', 'http://dimg04.c-ctrip.com/images/20030b0000005kzvs09CD_W_1600_1200_Q70.jpg', 'http://dimg04.c-ctrip.com/images/200u0b0000005l0eh8043_W_1600_1200_Q70.jpg', '1300', '欧美，热带风情', '1', '5', '1', '1', '9', '1', '1', '1', '1', '1', '0', '0');
INSERT INTO `hotel` VALUES ('3', '浙江百瑞国际大酒店 ', 'Brain International Hotel', '10', '杭州市 西湖区 教工路195号 ，近文一路。', '1', '1', '1', '1', '1', '2017-02-08 08:25', '2017-02-01 02:05', '', 'http://dimg04.c-ctrip.com/images/22010i0000009ssntD0AE_W_1600_1200_Q70.jpg', 'http://dimg04.c-ctrip.com/images/20050m000000dhi639A12_W_1600_1200_Q70.jpg', 'http://dimg04.c-ctrip.com/images/200i0m000000ddqz31E69_W_1600_1200_Q70.jpg', 'http://dimg04.c-ctrip.com/images/20060m000000dfczhC643_W_1600_1200_Q70.jpg', 'http://dimg04.c-ctrip.com/images/200l0k000000b2rifE1B1_W_1600_1200_Q70.jpg', '360', '商务，休闲', '1', '5', '1', '1', '8', '1', '1', '1', '0', '1', '0', '1');
INSERT INTO `hotel` VALUES ('4', '杭州湖滨君亭酒店 ', 'SSAW Boutique Hotel Hangzhou Yellow Dragon', '10', '杭州 上城区 解放路221号 ，与青年路交叉口处。 ', '1', '1', '1', '1', '1', '2017-02-17 15:45', '2017-02-01 02:05', '', 'http://dimg04.c-ctrip.com/images/220i0g0000007wqa06B28_W_1600_1200_Q70.jpg', 'http://dimg04.c-ctrip.com/images/hotel/382000/381479/e0c7f641a3214d14b124bd4f312c9470_W_1600_1200_Q70.jpg', 'http://dimg04.c-ctrip.com/images/hotel/382000/381479/e0c7f641a3214d14b124bd4f312c9470_W_1600_1200_Q70.jpg', 'http://dimg04.c-ctrip.com/images/220s0g00000084q94E4A6_W_1600_1200_Q70.jpg', 'http://dimg04.c-ctrip.com/images/220o0d0000006vn9x84F7_W_1600_1200_Q70.jpg', '350', '精致，欧美风', '1', '5', '1', '0', '9', '1', '1', '1', '0', '1', '0', '1');
INSERT INTO `hotel` VALUES ('5', '杭州西溪喜来登度假大酒店', 'Sheraton Grand Hangzhou Wetland Park Resort', '8', '杭州市 西湖区 紫金港路西溪天堂国际旅游综合体1号 ，近文苑路。', '1', '1', '1', '2', '1', '2017-02-01 22:05', '2017-02-01 02:05', '', 'http://dimg04.c-ctrip.com/images/220t0g0000007rnuh0B20_W_1600_1200_Q70.jpg', 'http://dimg04.c-ctrip.com/images/220w0m000000dmygc2947_W_1600_1200_Q70.jpg', 'http://dimg04.c-ctrip.com/images/220c0m000000dkibh33F3_W_1600_1200_Q70.jpg', 'http://dimg04.c-ctrip.com/images/220o0d0000006vn9x84F7_W_1600_1200_Q70.jpg', 'http://dimg04.c-ctrip.com/images/220s0g00000084q9604E4_W_1600_1200_Q70.jpg', '58888', '独栋别墅，大海', '1', '5', '1', '1', '8', '1', '1', '1', '0', '1', '0', '1');
INSERT INTO `hotel` VALUES ('6', '杭州银隆君亭酒店', 'SSAW Boutique Hotel Hangzhou Xiaoshan', '4', '杭州市 萧山区 市心中路288号 ，地铁2号线杭发厂站C2出入口，近银隆百货。', '1', '1', '1', '1', '1', '2017-02-01 02:05', '2017-02-01 02:05', '', 'http://dimg04.c-ctrip.com/images/hotel/20000/19127/3CF2B98D-C735-4E22-B82F-E9979F982952_W_1600_1200_Q70.jpg', 'http://dimg04.c-ctrip.com/images/220s0g00000084q9604E4_W_1600_1200_Q70.jpg', 'http://dimg04.c-ctrip.com/images/220w0m000000dmygc2947_W_1600_1200_Q70.jpg', 'http://dimg04.c-ctrip.com/images/220s0g00000084q94E4A6_W_1600_1200_Q70.jpg', 'http://dimg04.c-ctrip.com/images/220s0g00000084q9604E4_W_1600_1200_Q70.jpg', '455', '市中心，便利', '1', '5', '0', '0', '7', '1', '1', '1', '0', '1', '0', '1');
INSERT INTO `hotel` VALUES ('7', '杭州国大雷迪森广场酒店', 'Landdison Plaza Hotel Hangzhou', '10', '杭州市 下城区 体育场路333号 ，与延安路交叉口处，近地铁一号线武林广场站E出口。 ', '1', '1', '1', '1', '1', '2017-02-09 09:30', '2017-02-08 08:25', '', 'http://dimg04.c-ctrip.com/images/220g0g0000007zbbfF3EA_W_1600_1200_Q70.jpg', 'http://dimg04.c-ctrip.com/images/220s0g00000084q94E4A6_W_1600_1200_Q70.jpg', 'http://dimg04.c-ctrip.com/images/220n0f0000007itg860BF_W_1600_1200_Q70.jpg', 'http://dimg04.c-ctrip.com/images/220c0m000000dkibh33F3_W_1600_1200_Q70.jpg', 'http://dimg04.c-ctrip.com/images/220w0m000000dmygc2947_W_1600_1200_Q70.jpg', '1200', '五室一厅，高档', '1', '5', '1', '1', '8', '1', '1', '0', '0', '0', '0', '1');
INSERT INTO `hotel` VALUES ('8', '杭州西溪悦椿度假酒店', 'Hangzhou Yuechun Vacation Hotel', '3', '杭州 西湖区 紫金港路西溪天堂国际旅游综合体8号 ，近天目山路。', '1', '1', '1', '1', '1', '2016-11-29 02:25', '2017-01-05 10:30', '', 'http://dimg04.c-ctrip.com/images/22020g0000007zcb62CDF_W_1600_1200_Q70.jpg', 'http://dimg04.c-ctrip.com/images/220h0o000000eobpx697B_W_1600_1200_Q70.jpg', 'http://dimg04.c-ctrip.com/images/220s0g00000084q9604E4_W_1600_1200_Q70.jpg', 'http://dimg04.c-ctrip.com/images/220n0f0000007itg860BF_W_1600_1200_Q70.jpg', 'http://dimg04.c-ctrip.com/images/220h0o000000eobpx697B_W_1600_1200_Q70.jpg', '450', '青山碧水，大自然', '1', '5', '0', '1', '7', '1', '0', '1', '0', '1', '0', '0');
INSERT INTO `hotel` VALUES ('9', '上海同文君亭酒店 ', 'Narada Boutique Hotel Shanghai', '4', '上海 虹口区 四川北路1755号 ，近海伦西路。', '1', '1', '1', '2', '2', '2016-08-03 08:25', '2015-06-01 01:00', '', 'http://dimg04.c-ctrip.com/images/20030b0000005l6os44ED_W_1600_1200_Q70.jpg', 'http://dimg04.c-ctrip.com/images/220o0d0000006vn9x84F7_W_1600_1200_Q70.jpg', 'http://dimg04.c-ctrip.com/images/220n0f0000007itg860BF_W_1600_1200_Q70.jpg', 'http://dimg04.c-ctrip.com/images/200t0c00000064fyf563E_W_1600_1200_Q70.jpg', 'http://dimg04.c-ctrip.com/images/220h0o000000eobpx697B_W_1600_1200_Q70.jpg', '500', '西餐厅，简约', '1', '5', '1', '1', '7', '0', '0', '0', '1', '0', '0', '0');
INSERT INTO `hotel` VALUES ('10', '北京金霖酒店 ', 'Beijing Jinlin Hotel', '11', '北京 东城区 珠市口东大街18号 ，近前门大街、地铁7号线珠市口C出口、刘根大舞台、天坛北门', '1', '1', '2', '1', '1', '2017-02-25 15:21', '2015-09-01 01:05', '', 'http://dimg04.c-ctrip.com/images/22070g000000817385053_W_1600_1200_Q70.jpg', 'http://dimg04.c-ctrip.com/images/220n0f0000007itg860BF_W_1600_1200_Q70.jpg', 'http://dimg04.c-ctrip.com/images/220o0d0000006vn9x84F7_W_1600_1200_Q70.jpg', 'http://dimg04.c-ctrip.com/images/200o0c00000064eyz4D6B_W_1600_1200_Q70.jpg', 'http://dimg04.c-ctrip.com/images/220w0m000000dmygc2947_W_1600_1200_Q70.jpg', '400', '浪漫，南美风情', '1', '5', '0', '0', '7', '0', '0', '1', '0', '1', '0', '0');
INSERT INTO `hotel` VALUES ('11', '北京远见桃花海度假别墅 ', 'Beijing Flowers Vacation Hotel', '14', '北京市平谷区金海湖镇祖务村祖务西路1号(近京东大溶洞南1公里)', '0', '0', '0', '1', '2', '2016-11-30 00:05', '2015-07-08 08:25', '', 'http://dimg04.c-ctrip.com/images/2002060000001xe9y803B_W_1600_1200_Q70.jpg', 'http://dimg04.c-ctrip.com/images/220s0g00000084q94E4A6_W_1600_1200_Q70.jpg', 'http://dimg04.c-ctrip.com/images/220c0m000000dkibh33F3_W_1600_1200_Q70.jpg', 'http://dimg04.c-ctrip.com/images/220s0g00000084q94E4A6_W_1600_1200_Q70.jpg', 'http://dimg04.c-ctrip.com/images/220o0d0000006vn9x84F7_W_1600_1200_Q70.jpg', '100', '阳光露台，烧烤', '3', '4', '0', '1', '7', '0', '0', '0', '1', '1', '1', '1');
INSERT INTO `hotel` VALUES ('12', '上海中福大酒店 ', 'Shanghai Charms Hotel', '11', '上海市 黄浦区九江路619号(浙江中路路口 近南京路步行街 地铁一号线14号口)', '0', '1', '1', '1', '1', '2017-03-01 02:05', '2016-11-29 01:05', '', 'http://dimg04.c-ctrip.com/images/200p0c0000006puqhC26E_W_1600_1200_Q70.jpg', 'http://dimg04.c-ctrip.com/images/220h0o000000eobpx697B_W_1600_1200_Q70.jpg', 'http://dimg04.c-ctrip.com/images/220w0m000000dmygc2947_W_1600_1200_Q70.jpg', 'http://dimg04.c-ctrip.com/images/200o0c00000064eyz4D6B_W_1600_1200_Q70.jpg', 'http://dimg04.c-ctrip.com/images/200t0c00000064fyf563E_W_1600_1200_Q70.jpg', '3000', '市中心，交通便利', '1', '4', '0', '1', '8', '0', '0', '1', '0', '1', '0', '1');
INSERT INTO `hotel` VALUES ('13', '上海衡山路十二号豪华精选酒店 ', 'Twelve at Hengshan, A Luxury Collection Hotel', '8', '上海衡山路12号', '0', '1', '1', '1', '1', '2013-01-01 09:00', '2012-12-12 09:00', '', 'http://dimg04.c-ctrip.com/images/200l0n000000eirrrF5B9_W_1600_1200_Q70.jpg', 'http://dimg04.c-ctrip.com/images/200o0c00000064eyz4D6B_W_1600_1200_Q70.jpg', 'http://dimg04.c-ctrip.com/images/220n0f0000007itg860BF_W_1600_1200_Q70.jpg', 'http://dimg04.c-ctrip.com/images/220o0d0000006vn9x84F7_W_1600_1200_Q70.jpg', 'http://dimg04.c-ctrip.com/images/220c0m000000dkibh33F3_W_1600_1200_Q70.jpg', '2000', '海景，东亚风情', '3', '4', '0', '1', '9', '0', '0', '0', '1', '1', '0', '1');
INSERT INTO `hotel` VALUES ('14', '广州圣丰索菲特大酒店', 'Sofitel Guangzhou Sunrich', '11', '[广州东站/天河北/天平架]天河区广州大道中988号(近火车东站,天河体育中心,时代广场)', '1', '1', '1', '1', '1', '2010-02-02 09:00', '2010-01-01 12:10', '', 'http://dimg04.c-ctrip.com/images/hotel/804000/803447/2b7177fe63b74e95aef53c0261be8332_W_1600_1200_Q70.jpg', 'http://dimg04.c-ctrip.com/images/220o0d0000006vn9x84F7_W_1600_1200_Q70.jpg', 'http://dimg04.c-ctrip.com/images/220s0g00000084q94E4A6_W_1600_1200_Q70.jpg', 'http://dimg04.c-ctrip.com/images/200t0c00000064fyf563E_W_1600_1200_Q70.jpg', 'http://dimg04.c-ctrip.com/images/220s0g00000084q94E4A6_W_1600_1200_Q70.jpg', '1900', '游泳池，健身房', '3', '4', '1', '0', '8', '0', '0', '1', '0', '1', '0', '1');
INSERT INTO `hotel` VALUES ('15', '千岛湖洲际度假酒店 ', 'InterContinental One Thousand Island Laker Resort', '12', '杭州淳安县千岛湖镇羡山半岛', '1', '1', '1', '1', '1', '2009-01-01 12:00', '2008-12-04 12:22', '', 'http://dimg04.c-ctrip.com/images/hotel/804000/803447/08fb0116466f4fa8a58fcbdb680b6638_W_1600_1200_Q70.jpg', 'http://dimg04.c-ctrip.com/images/220c0m000000dkibh33F3_W_1600_1200_Q70.jpg', 'http://dimg04.c-ctrip.com/images/220o0d0000006vn9x84F7_W_1600_1200_Q70.jpg', 'http://dimg04.c-ctrip.com/images/200o0c00000064eyz4D6B_W_1600_1200_Q70.jpg', 'http://dimg04.c-ctrip.com/images/200o0c00000064eyz4D6B_W_1600_1200_Q70.jpg', '100', '羡山半岛游，山地卡丁车', '3', '5', '0', '1', '9', '0', '0', '0', '1', '1', '0', '1');
INSERT INTO `hotel` VALUES ('16', '天使恋人情侣酒店(万象城店)', 'Angel Lover Hotel', '13', '深圳罗湖区宝安南路嘉宾花园四楼(近万象城城市天地,大剧院地铁站F出口)', '1', '1', '1', '1', '1', '2007-01-12 09:00', '2006-12-12 09:00', '', 'http://dimg04.c-ctrip.com/images/fd/hotel/g2/M0A/3B/DF/Cghzf1UcsjGAN2kBAAwitgN7U5I610_W_1600_1200_Q70.jpg', 'http://dimg04.c-ctrip.com/images/200t0c00000064fyf563E_W_1600_1200_Q70.jpg', 'http://dimg04.c-ctrip.com/images/220s0g00000084q9604E4_W_1600_1200_Q70.jpg', 'http://dimg04.c-ctrip.com/images/220o0d0000006vn9x84F7_W_1600_1200_Q70.jpg', 'http://dimg04.c-ctrip.com/images/220h0o000000eobpx697B_W_1600_1200_Q70.jpg', '970', '浪漫，会所', '3', '4', '0', '1', '7', '0', '0', '0', '1', '1', '1', '1');
INSERT INTO `hotel` VALUES ('17', '杭州新延安饭店 ', 'Xin Yan An Hotel', '9', '杭州下城区延安路直戒坛寺巷20号(地铁凤起路B出口,向前直行约500米,市中心武林银泰对面)', '1', '1', '1', '1', '1', '2008-01-10 12:00', '2008-01-01 12:00', '', 'http://dimg04.c-ctrip.com/images/t1/hotel/1050000/1049708/cd88dade448f41bf9b36f61db6b8b7f4_W_1600_1200_Q70.jpg', 'http://dimg04.c-ctrip.com/images/220w0m000000dmygc2947_W_1600_1200_Q70.jpg', 'http://dimg04.c-ctrip.com/images/220n0f0000007itg860BF_W_1600_1200_Q70.jpg', 'http://dimg04.c-ctrip.com/images/220s0g00000084q94E4A6_W_1600_1200_Q70.jpg', 'http://dimg04.c-ctrip.com/images/220s0g00000084q9604E4_W_1600_1200_Q70.jpg', '0', '亲民，性价比', '1', '3', '0', '0', '7', '0', '0', '1', '1', '1', '1', '1');

-- ----------------------------
-- Table structure for hoteltest
-- ----------------------------
DROP TABLE IF EXISTS `hoteltest`;
CREATE TABLE `hoteltest` (
  `id` int(10) NOT NULL AUTO_INCREMENT COMMENT '酒店id',
  `hotelName` varchar(50) CHARACTER SET utf8 COLLATE utf8_unicode_ci DEFAULT NULL COMMENT '酒店名称',
  `enghotelName` varchar(255) DEFAULT NULL COMMENT '酒店英文名',
  `subject` int(1) DEFAULT NULL COMMENT '酒店主题',
  `address` varchar(100) CHARACTER SET utf8 COLLATE utf8_unicode_ci DEFAULT NULL COMMENT '酒店地址',
  `hasWifi` int(1) DEFAULT NULL COMMENT '是否有wifi:1-有，2-无',
  `hasParking` int(1) DEFAULT NULL COMMENT '可否停车：1-可以，2-不可以',
  `hasPackage` int(1) DEFAULT NULL COMMENT '可否寄存行李：1-可以，2-不可以',
  `hasMeetingRoom` int(1) DEFAULT NULL COMMENT '是否有会议室：1-有；2-无',
  `startTime` varchar(32) CHARACTER SET utf8 COLLATE utf8_unicode_ci DEFAULT NULL COMMENT '开业时间',
  `decorateTime` varchar(32) CHARACTER SET utf8 COLLATE utf8_unicode_ci DEFAULT NULL COMMENT '装修时间',
  `evaluationId` varchar(10) DEFAULT NULL COMMENT '评价表单id',
  `image1` varchar(150) CHARACTER SET utf8 COLLATE utf8_unicode_ci DEFAULT NULL COMMENT '酒店主图1',
  `image2` varchar(150) CHARACTER SET utf8 COLLATE utf8_unicode_ci DEFAULT NULL COMMENT '酒店主图2',
  `image3` varchar(150) CHARACTER SET utf8 COLLATE utf8_unicode_ci DEFAULT NULL COMMENT '酒店主图3',
  `image4` varchar(150) CHARACTER SET utf8 COLLATE utf8_lithuanian_ci DEFAULT NULL COMMENT '酒店主图4',
  `image5` varchar(150) CHARACTER SET utf8 COLLATE utf8_unicode_ci DEFAULT NULL COMMENT '酒店主图5',
  `minPrice` int(10) DEFAULT NULL COMMENT '该酒店房间的最低价格',
  `kindDescription` varchar(500) CHARACTER SET utf8 COLLATE utf8_unicode_ci DEFAULT NULL COMMENT '酒店特色介绍',
  `kindType` int(1) DEFAULT '1' COMMENT '酒店类型：1、主题酒店；2、特色酒店；3、特惠酒店',
  `stars` int(1) DEFAULT '3' COMMENT '几星级',
  `hot` int(1) DEFAULT NULL COMMENT '1代表热门酒店 0代表非热门酒店',
  `hasbreakfast` int(1) DEFAULT NULL COMMENT '有无早餐 有1 没有0',
  PRIMARY KEY (`id`)
) ENGINE=InnoDB AUTO_INCREMENT=19 DEFAULT CHARSET=utf8;

-- ----------------------------
-- Records of hoteltest
-- ----------------------------
INSERT INTO `hoteltest` VALUES ('1', '杭州开元名都大酒店', 'New Century Grand Hotel', '10', '浙江省杭州市 萧山区市心中路818号', '1', '1', '1', '1', '2017-02-17 09:25', '2017-02-01 01:05', '', 'postedImage/da7ca80fb78cf043573e88b2159b7f8f.jpg', 'postedImage/86f05f0c5a69f99c2579a01ee7509053.jpg', 'postedImage/3932348dc975f5955bd5951a0057a26d.jpg', 'postedImage/0888fd7c77f5fc94798d7050951fd866.jpg', 'postedImage/2c658d799380741587c6afd8aac0ac37.jpg', '630', '', '1', '5', '1', '1');
INSERT INTO `hoteltest` VALUES ('2', '杭州凯悦酒店', 'Hyatt Regency Hangzhou', '10', '杭州市 上城区 湖滨路28号 ，与平海路交叉口处。', '1', '1', '1', '1', '2017-02-17 09:25', '2017-02-01 01:05', '', 'postedImage/40149a54219f37b9003bb9cd1a4bbbf0.jpg', 'postedImage/4c52d560672617d7f901216891fd346c.jpg', '', '', '', '1300', '', '1', '5', '1', '1');
INSERT INTO `hoteltest` VALUES ('3', '浙江百瑞国际大酒店 ', 'Brain International Hotel', '10', '杭州市 西湖区 教工路195号 ，近文一路。', '1', '1', '1', '1', '2017-02-08 08:25', '2017-02-01 02:05', '', 'postedImage/146f01cbe2b8f3e02fca7cbba61a97c4.jpg', 'postedImage/7f2e16a87eb20b720d2738719f1f1718.jpg', '', '', '', '360', '', '1', '5', '0', '1');
INSERT INTO `hoteltest` VALUES ('4', '杭州湖滨君亭酒店 ', 'SSAW Boutique Hotel Hangzhou Yellow Dragon', '10', '杭州 上城区 解放路221号 ，与青年路交叉口处。 ', '1', '1', '1', '1', '2017-02-17 15:45', '2017-02-01 02:05', '', 'postedImage/dc47a3aa8cf2de95799a965f7bbdc88d.jpg', 'postedImage/7f2c02054306aab8724d356c96e24ea6.jpg', '', '', '', '350', '', '1', '5', '0', '0');
INSERT INTO `hoteltest` VALUES ('5', '杭州西溪喜来登度假大酒店', 'Sheraton Grand Hangzhou Wetland Park Resort', '8', '杭州市 西湖区 紫金港路西溪天堂国际旅游综合体1号 ，近文苑路。', '1', '1', '2', '1', '2017-02-01 22:05', '2017-02-01 02:05', '', 'postedImage/403ffadad345740f84052ef4aeb7f69e.jpg', 'postedImage/e2318b9a8303a54703cd8d8b4d1da242.jpg', '', '', '', '58888', '', '1', '5', '1', '1');
INSERT INTO `hoteltest` VALUES ('6', '杭州银隆君亭酒店', 'SSAW Boutique Hotel Hangzhou Xiaoshan', '4', '杭州市 萧山区 市心中路288号 ，地铁2号线杭发厂站C2出入口，近银隆百货。', '1', '1', '1', '1', '2017-02-01 02:05', '2017-02-01 02:05', '', 'postedImage/3683669029c6f721cabcacd5dcab004d.jpg', '', '', '', '', '455', '', '1', '5', '0', '0');
INSERT INTO `hoteltest` VALUES ('7', '杭州国大雷迪森广场酒店1', 'Landdison Plaza Hotel Hangzhou', '10', '杭州市 下城区 体育场路333号 ，与延安路交叉口处，近地铁一号线武林广场站E出口。 ', '1', '1', '1', '1', '2017-02-09 09:30', '2017-02-08 08:25', '', 'postedImage/c3afdb89a6abe8c120ecfd3204f05416.jpg', '', '', '', '', '1200', '', '1', '5', '0', '1');
INSERT INTO `hoteltest` VALUES ('8', '杭州西溪悦椿度假酒店', 'Hangzhou Yuechun Vacation Hotel', '3', '杭州 西湖区 紫金港路西溪天堂国际旅游综合体8号 ，近天目山路。', '1', '1', '1', '1', '2016-11-29 02:25', '2017-01-05 10:30', '', 'postedImage/02c3cabce2f2fa5d66232c04bf458f61.jpg', 'postedImage/53637a5047caae7c02e536dc0abf175f.jpg', 'postedImage/95d61d84790f8bb499ffa80311dcdcfb.jpg', 'postedImage/b719e6f2898f03dbe246c11039e984af.jpg', 'postedImage/59365c3abfebbf03d8ddecec8583112f.jpg', '450', '', '1', '5', '0', '1');
INSERT INTO `hoteltest` VALUES ('9', '上海同文君亭酒店 ', 'Narada Boutique Hotel Shanghai', '4', '上海 虹口区 四川北路1755号 ，近海伦西路。', '1', '1', '2', '2', '2016-08-03 08:25', '2015-06-01 01:00', '', 'postedImage/f5dade5a55ad0dfba6f899d67490e13b.jpg', 'postedImage/20ab48ab4d5c45917b5839fe4de53274.jpg', 'postedImage/46d154ca9599fb76b2f8677e232eb483.jpg', 'postedImage/a868488ff1c38cfea0bdf38920166830.jpg', 'postedImage/6dd13d10adcace84e14c32ebede9602f.jpg', '500', '', '1', '5', '1', '1');
INSERT INTO `hoteltest` VALUES ('10', '北京金霖酒店 ', 'Beijing Jinlin Hotel', '11', '北京 东城区 珠市口东大街18号 ，近前门大街、地铁7号线珠市口C出口、刘根大舞台、天坛北门', '1', '2', '1', '1', '2017-02-25 15:21', '2015-09-01 01:05', '', 'postedImage/645c85da1d26ecc04d5cf9dd028e4cf2.jpg', 'postedImage/bcd1e9c483b7bdeedc2ef3166dd8164f.jpg', 'postedImage/5eb14823e56dcdc8f07a168180943bbc.jpg', 'postedImage/990ce46d3327d8dcfed3ee770569eca3.jpg', 'postedImage/f06e16d806413841d4fc5e02ad798c2d.jpg', '0', '', '1', '5', '0', '0');
INSERT INTO `hoteltest` VALUES ('11', '北京远见桃花海度假别墅 ', 'Beijing Flowers Vacation Hotel', '14', '北京市平谷区金海湖镇祖务村祖务西路1号(近京东大溶洞南1公里)', '0', '0', '1', '2', '2016-11-30 00:05', '2015-07-08 08:25', '', 'postedImage/0fd48841aaa47aa42c311bc67ca21249.jpg', 'postedImage/9dfff46582cec85297d063cc4013e880.jpg', 'postedImage/7d7bf44805b5461495b6f5597d5e6711.jpg', 'postedImage/db230513caf17ec12238103c07824717.jpg', 'postedImage/2feb18648fec5234fe818d9a82def2d1.jpg', '0', '坐标：平谷，精致的欧式独栋别墅，包含五室一厅，适合家庭、好友聚会。拥有私家庭影院、阳光露台、自助、烧烤选择丰富，附带娱乐设施。', '3', '4', '0', '1');
INSERT INTO `hoteltest` VALUES ('12', '上海中福大酒店 ', 'Shanghai Charms Hotel', '11', '上海市 黄浦区九江路619号(浙江中路路口 近南京路步行街 地铁一号线14号口)', '1', '1', '1', '1', '2017-03-01 02:05', '2016-11-29 01:05', '', 'postedImage/39ce5bea0649b2d5f192785d14638928.jpg', 'postedImage/863f94c00eecb6bc3caefe2824c2dcde.jpg', 'postedImage/a0937d9bd88cba1e924927cfdd61cc93.jpg', 'postedImage/b74b32b04cd8e395633bb524c134a913.jpg', 'postedImage/0a37e3ec03a676b82492e2edf18946e3.jpg', '0', '', '1', '4', '0', '1');
INSERT INTO `hoteltest` VALUES ('13', '上海衡山路十二号豪华精选酒店 ', 'Twelve at Hengshan, A Luxury Collection Hotel', '8', '上海衡山路12号', '1', '1', '1', '1', '2013-01-01 09:00', '2012-12-12 09:00', '', 'postedImage/d8abed9deccec6c42b1fbc418555960a.jpg', 'postedImage/7658fffafdd63741e1526a8fb3f8d372.jpg', 'postedImage/10323faed1cdc5847e4980ccc344046d.jpg', 'postedImage/1be5197ebbcda7f85177a46e1bf60e3b.jpg', 'postedImage/98da2d61f1b7c546d1b6d4cd28cc5fa3.jpg', '0', 'L形的户外露台是云尚西餐厅的亮点所在，简约的设计和木质架构让人看着很舒服，欣赏着周遭唯美海派 楼宇景致和伤害天际线，怎一个惬意了得。', '3', '4', '1', '1');
INSERT INTO `hoteltest` VALUES ('14', '广州圣丰索菲特大酒店', 'Sofitel Guangzhou Sunrich', '11', '[广州东站/天河北/天平架]天河区广州大道中988号(近火车东站,天河体育中心,时代广场)', '1', '1', '1', '1', '2010-02-02 09:00', '2010-01-01 12:10', '', 'postedImage/7657d7de043de806f6d961baefe1d965.jpg', 'postedImage/1aa39255e7f62ec62e66f11312e1d002.jpg', 'postedImage/7d9d34f534d1875ed59f95ace9fb6bc7.jpg', 'postedImage/6cc96dab8eb907556aab1e7e315017d4.jpg', 'postedImage/8958a62012d5b4ba6dc449fe37e4edbe.jpg', '0', '酒店坐落在广州天河区中心地带，交通便利，购物、就餐、游览均一站式满足。独特的法国艺术气息在酒店洋溢，Spa水疗中心、24小时健康身体中心及室内全景游泳池，带来极致奢侈。', '3', '4', '0', '0');
INSERT INTO `hoteltest` VALUES ('15', '千岛湖洲际度假酒店 ', 'InterContinental One Thousand Island Laker Resort', '12', '杭州淳安县千岛湖镇羡山半岛', '1', '1', '1', '1', '2009-01-01 12:00', '2008-12-04 12:22', '', 'postedImage/08ff82ccff9ab865114a2a6cb97c31e3.jpg', 'postedImage/d918850851c55f4bf84c86d22012365f.jpg', 'postedImage/04317e202d3e6060c9fa7523e36956da.jpg', 'postedImage/62c1cf37892afc45385dc6c3e1a552bc.jpg', 'postedImage/1b42c8225a67a6a8d3e516bfddf6bf20.jpg', '0', '酒店位于羡山半岛深处，早上拉开窗帘就看到青山碧水，身心愉悦。在这里可以体验农家采摘、植树、羡山半岛游、山地卡丁车，小孩家长各得其乐。', '3', '5', '0', '1');
INSERT INTO `hoteltest` VALUES ('16', '天使恋人情侣酒店(万象城店)', 'Angel Lover Hotel', '13', '深圳罗湖区宝安南路嘉宾花园四楼(近万象城城市天地,大剧院地铁站F出口)', '1', '1', '1', '1', '2007-01-12 09:00', '2006-12-12 09:00', '', 'postedImage/e969c2bad2c8005d48f8db3ae0fbea28.jpg', 'postedImage/f95a500685ad9507042ef84312e9e95c.jpg', 'postedImage/aac4ec3ee296caa379126d9fd27169ea.jpg', 'postedImage/7cb4f6e0a61af888179f7695d5b867f1.jpg', 'postedImage/9d997770bd5eeab77b1a2cb2edfcfb2e.jpg', '970', '酒店以制造浪漫为使命，有着风情万种的烂漫温馨。海洋主题斑斓而梦幻，田园主题清新而狂野，些在激情大片中才会出现的场景，在天使恋人就可尽情享有。', '3', '4', '0', '1');
INSERT INTO `hoteltest` VALUES ('17', '杭州新延安饭店 ', 'Xin Yan An Hotel', '9', '杭州下城区延安路直戒坛寺巷20号(地铁凤起路B出口,向前直行约500米,市中心武林银泰对面)', '1', '1', '1', '1', '2008-01-10 12:00', '2008-01-01 12:00', '', 'postedImage/11f09abeb56854af8fefa4051d3b8269.jpg', 'postedImage/32094f614d02aac0cdb6618cf9afcce8.jpg', 'postedImage/37290ff97bc9590580677868773279d2.jpg', 'postedImage/4a7ea1e4735fba950fd6fd3d0e62caa4.jpg', 'postedImage/8c8801ecc0edf97e324bb1f3593a254b.jpg', '0', '', '1', '3', '0', '0');
INSERT INTO `hoteltest` VALUES ('18', '测试酒店', null, '1', '浙江杭州', '1', '1', '1', '1', '2017-04-13 17:55', '2017-04-05 08:30', '', 'postedImage/ce25763880e3c68ba5d7d34a396b6fbb.jpg', '', '', '', '', '120', '民宿中的战斗机', '1', '3', '0', '1');

-- ----------------------------
-- Table structure for order
-- ----------------------------
DROP TABLE IF EXISTS `order`;
CREATE TABLE `order` (
  `id` int(10) unsigned NOT NULL AUTO_INCREMENT COMMENT 'id',
  `hotelId` varchar(30) CHARACTER SET utf8 COLLATE utf8_unicode_ci DEFAULT NULL COMMENT '酒店id',
  `merberId` varchar(30) CHARACTER SET utf8 COLLATE utf8_unicode_ci DEFAULT NULL COMMENT '会员id',
  `linkman` varchar(255) CHARACTER SET utf8 COLLATE utf8_unicode_ci DEFAULT NULL COMMENT '联系人',
  `telephone` varchar(11) DEFAULT NULL COMMENT '联系电话',
  `totalPrice` varchar(100) DEFAULT NULL COMMENT '总金额',
  `status` varchar(1) DEFAULT '0' COMMENT '默认订单状态：0，待付款：1，未出行：2，待评价：3：完成',
  `roomId` varchar(10) CHARACTER SET utf8 COLLATE utf8_unicode_ci DEFAULT NULL COMMENT '房间id',
  `startTime` varchar(255) CHARACTER SET utf8 COLLATE utf8_unicode_ci DEFAULT NULL COMMENT '入住时间',
  `endTime` varchar(255) CHARACTER SET utf8 COLLATE utf8_unicode_ci DEFAULT NULL COMMENT '离开时间',
  `orderId` varchar(255) CHARACTER SET utf8 COLLATE utf8_unicode_ci DEFAULT NULL COMMENT '订单id',
  `livingPeriod` varchar(2) CHARACTER SET utf8 COLLATE utf8_unicode_ci DEFAULT '1' COMMENT '住宿日期',
  `loginname` varchar(255) DEFAULT NULL,
  `createTime` varchar(255) DEFAULT NULL COMMENT '订单创建时间',
  `failureTime` varchar(255) DEFAULT NULL COMMENT '订单失效时间',
  PRIMARY KEY (`id`)
) ENGINE=InnoDB AUTO_INCREMENT=130 DEFAULT CHARSET=utf8;

-- ----------------------------
-- Records of order
-- ----------------------------
INSERT INTO `order` VALUES ('1', '1', '22', '李阳', '15757118111', '647', '1', '1', '03-11', '03-16', 'G311258607986547', '5', '18565478426', null, null);
INSERT INTO `order` VALUES ('2', '1', '22', '陈独秀', '15757118111', '750', '1', '2', '03-11', '03-16', 'G311486018625494', '5', '18565478426', null, null);
INSERT INTO `order` VALUES ('3', '2', '22', '陈独秀', '15757118111', '1725', '1', '4', '03-12', '03-16', 'G311523493549341', '4', '18565478426', null, null);
INSERT INTO `order` VALUES ('4', '3', '22', '陈独秀', '15757118111', '385', '3', '5', '03-12', '03-16', 'G311536200436636', '4', '18565478426', null, null);
INSERT INTO `order` VALUES ('5', '5', '22', '陈独秀', '15757118111', '58888', '1', '8', '03-12', '03-24', 'G311541010208540', '12', '18565478426', null, null);
INSERT INTO `order` VALUES ('6', '7', '22', '陈独秀', '15757118111', '1268', '1', '10', '03-11', '03-22', 'G311543120932576', '10', '18565478426', null, null);
INSERT INTO `order` VALUES ('8', '6', '22', '陈独秀', '15757118111', '478', '1', '9', '03-15', '03-24', 'G315612514598577', '9', '18565478426', null, null);
INSERT INTO `order` VALUES ('9', '6', '22', '梓熹', '15757118111', '478', '3', '9', '03-15', '03-24', 'G315613502529444', '9', '18565478426', null, null);
INSERT INTO `order` VALUES ('10', '6', '22', '梓熹', '15757118111', '478', '1', '9', '03-15', '03-24', 'G315614002838234', '9', '18565478426', null, null);
INSERT INTO `order` VALUES ('12', '6', '22', '梓熹', '15757118111', '478', '2', '9', '03-15', '03-24', 'G315615385577582', '9', '13137543929', null, null);
INSERT INTO `order` VALUES ('13', '6', '22', '梓熹', '15757118111', '478', '2', '9', '03-15', '03-24', 'G315618046891151', '9', '13137543929', null, null);
INSERT INTO `order` VALUES ('14', '6', '22', '梓熹', '15757118111', '478', '1', '9', '03-15', '03-24', 'G315618056108545', '9', '13137543929', null, null);
INSERT INTO `order` VALUES ('15', '6', '22', '梓熹', '15757118111', '478', '2', '9', '03-15', '03-24', 'G315634677606486', '9', '13137543929', null, null);
INSERT INTO `order` VALUES ('16', '6', '22', '梓熹', '15757118111', '478', '0', '9', '03-15', '03-24', 'G315635322879718', '9', '13137543929', null, null);
INSERT INTO `order` VALUES ('18', '1', '22', '梓熹', '15757118111', '647', '0', '1', '03-15', '03-18', 'G315654843400406', '3', '13137543929', null, null);
INSERT INTO `order` VALUES ('23', '1', '22', '梓熹', '15757118111', '647', '2', '1', '03-15', '03-18', 'G315714702692829', '3', '18911167256', null, null);
INSERT INTO `order` VALUES ('24', '1', '2', '梓熹', '15757118111', '647', '2', '1', '03-21', '03-24', 'G321112105917020', '3', '18911167256', null, null);
INSERT INTO `order` VALUES ('25', '1', '2', '李阳', '15757118111', '647', '1', '1', '03-21', '03-24', 'G321113430946111', '3', '18911167256', null, null);
INSERT INTO `order` VALUES ('26', '1', '2', '李阳', '15757118111', '647', '2', '1', '03-24', '03-29', 'G324260783827830', '4', '18911167256', null, null);
INSERT INTO `order` VALUES ('27', '1', '2', '李阳', '15757118111', '647', '2', '1', '03-24', '03-31', 'G324264180727873', '6', '18911167256', null, null);
INSERT INTO `order` VALUES ('28', '1', '2', '李阳', '15757118111', '647', '2', '1', '03-24', '03-30', 'G324265331798560', '5', '18911167256', null, null);
INSERT INTO `order` VALUES ('29', '1', '2', '李阳', '15757118111', '647', '2', '1', '03-24', '03-30', 'G324267574728868', '5', '18911167256', null, null);
INSERT INTO `order` VALUES ('30', '1', '2', '李阳', '15757118111', '647', '1', '1', '03-24', '03-31', 'G324269367472294', '6', '18911167256', null, null);
INSERT INTO `order` VALUES ('31', '1', '2', '李阳', '15757118174', '647', '2', '1', '', '', 'G409332662195775', '0', '15603016541', null, null);
INSERT INTO `order` VALUES ('32', '11', '2', '李阳', '15757118111', '1145', '1', '14', '20-7-', '20-7-', 'G419043637011833', '0', '15603016541', null, null);
INSERT INTO `order` VALUES ('33', '11', '2', '李阳', '15757118111', '1145', '1', '14', '20-7-', '20-7-', 'G419043637018298', '0', '15603016541', null, null);
INSERT INTO `order` VALUES ('35', '11', '2', '李阳', '15757118111', '1145', '2', '14', '20-7-', '20-7-', 'G419043637270604', '0', '15603016541', null, null);
INSERT INTO `order` VALUES ('37', '11', '2', '李阳', '15757118111', '1145', '2', '14', '20-7-', '20-7-', 'G419043637587830', '0', '15603016541', null, null);
INSERT INTO `order` VALUES ('38', '11', '2', '李阳', '15757118111', '1145', '1', '14', '20-7-', '20-7-', 'G419044891303636', '0', '15603016541', null, null);
INSERT INTO `order` VALUES ('39', '3', '2', '李阳', '15757118111', '385', '2', '5', '20-7-', '20-7-', 'G419063244045206', '0', '15603016541', null, null);
INSERT INTO `order` VALUES ('40', '1', '22', '李阳', '12343434333', '234', '2', '12', '1月21日', '1月22日', 'dd3452345245', '1', '15603016541', null, null);
INSERT INTO `order` VALUES ('41', '8', null, '李阳', '12343434333', '480', '1', '11', '01月22日', '01月23日', '20181221058540122118', '1', '15603016541', null, null);
INSERT INTO `order` VALUES ('43', '8', null, '李阳', '12343434333', '480', '1', '11', '01月22日', '01月23日', '20181221101510122118', '1', '15603016541', null, null);
INSERT INTO `order` VALUES ('45', '8', null, '梓熹', '12343434333', '8160', '1', '11', '02月07日', '02月24日', '20181221130570207118', '17', '15603016541', null, null);
INSERT INTO `order` VALUES ('46', '8', null, '梓熹', '12343434333', '969', '1', '11', '01月29日', '01月31日', '20181221137560129118', '2', '15603016541', null, null);
INSERT INTO `order` VALUES ('47', '8', null, '梓熹', '12343434333', '480', '1', '11', '01月22日', '01月27日', '20181221142480122118', '1', '15603016541', null, null);
INSERT INTO `order` VALUES ('48', '8', null, '梓熹', '12343434333', '480', '2', '11', '01月22日', '01月23日', '20181221219020122118', '1', '15603016541', null, null);
INSERT INTO `order` VALUES ('49', '8', null, '李阳', '12343434333', '480', '2', '11', '01月22日', '01月23日', '2018122119120122118', '1', '15603016541', null, null);
INSERT INTO `order` VALUES ('50', '8', null, '李阳', '12343434333', '480', '1', '11', '01月22日', '01月23日', '2018122204100122118', '1', '15603016541', null, null);
INSERT INTO `order` VALUES ('51', '5', null, '李阳', '12343434333', '588880', '1', '8', '02月13日', '02月23日', '201812222301021385', '10', '15603016541', null, null);
INSERT INTO `order` VALUES ('52', '16', null, '李阳', '12343434333', '980', '1', '16', '01月22日', '01月23日', '20181222322201221616', '1', '15603016541', null, null);
INSERT INTO `order` VALUES ('53', '3', null, '李阳', '12343434333', '8338', '1', '5', '02月06日', '02月28日', '201812225852020653', '22', '15603016541', null, null);
INSERT INTO `order` VALUES ('54', '3', null, '金星', '18566061261', '379', '1', '5', '02月27日', '02月28日', '201812225954022753', '1', '15603016541', null, null);
INSERT INTO `order` VALUES ('55', '7', null, 'liy ', '18566061261', '1208', '1', '10', '01月22日', '01月23日', '2018122403130122107', '1', '15603016541', null, null);
INSERT INTO `order` VALUES ('56', '5', null, 'zhang', '18566061261', '58888', '1', '8', '01月22日', '01月23日', '201812240717012285', '1', '15603016541', null, null);
INSERT INTO `order` VALUES ('58', '8', null, '132131', '13213131313', '480', '0', '11', '01月22日', '01月23日', '2018122429450122118', '1', '15603016541', null, null);
INSERT INTO `order` VALUES ('59', '3', null, '张金星', '18756786789', '8338', '0', '5', '02月06日', '02月28日', '201812274743020653', '22', '18511672566', null, null);
INSERT INTO `order` VALUES ('60', '8', null, '陈伟健', '18566061299', '480', '1', '11', '01月22日', '01月23日', '2018122851010122118', '1', '18565478426', null, null);
INSERT INTO `order` VALUES ('61', '6', null, '田田1', '15888888888', '3752', '0', '9', '01月23日', '01月31日', '201812390139012396', '8', '13137543939', null, null);
INSERT INTO `order` VALUES ('62', '4', null, 'liyang', '15855667788', '7986', '0', '6', '02月06日', '02月28日', '201812392402020664', '22', '13137543939', null, null);
INSERT INTO `order` VALUES ('63', '9', null, 'zzz', '15858585858', '6624', '0', '12', '01月23日', '01月31日', '2018123926320123129', '8', '13137543939', null, null);
INSERT INTO `order` VALUES ('64', '3', null, 'dfgf', '15856786789', '379', '0', '5', '01月23日', '01月24日', '201812394736012353', '1', '13137543939', null, null);
INSERT INTO `order` VALUES ('65', '1', null, 'fghg', '15657895789', '1010', '1', '3', '01月23日', '01月24日', '201812344931012331', '1', '18565478426', null, null);
INSERT INTO `order` VALUES ('66', '1', null, 'liyyyy', '15856785432', '1280', '1', '1', '02月07日', '02月09日', '201812345011020711', '2', '18565478426', null, null);
INSERT INTO `order` VALUES ('67', '1', null, 'lllll', '18628090909', '4040', '1', '3', '01/23', '01/27', '201812352735012331', '4', '18565478426', null, null);
INSERT INTO `order` VALUES ('68', '2', null, '林梓熹', '15603016541', '1308', '1', '4', '01/23', '01/24', '201812373903012342', '1', '15603016541', null, null);
INSERT INTO `order` VALUES ('69', '2', null, '林梓熹', '15603016541', '1308', '1', '4', '01/23', '01/24', '201812374332012342', '1', '15603016541', null, null);
INSERT INTO `order` VALUES ('72', null, null, 'hdhd', '31455', '13453', '0', null, '1313', '112', null, '1', null, null, null);
INSERT INTO `order` VALUES ('73', '3', null, 'yulu', '18566061261', '379', '1', '5', '01/24', '01/25', '201812464850012453', '1', '18565478426', null, null);
INSERT INTO `order` VALUES ('74', '1', null, '正处在现场', '18566061261', '640', '1', '1', '01/24', '01/25', '201812471250012411', '1', '18565478426', null, null);
INSERT INTO `order` VALUES ('75', '1', null, '第三方', '18566061261', '640', '0', '1', '01/24', '01/25', '201812471351012411', '1', '18565478426', null, null);
INSERT INTO `order` VALUES ('76', '1', null, '大V下次', '18566061261', '640', '0', '1', '01/24', '01/25', '201812471636012411', '1', '18565478426', null, null);
INSERT INTO `order` VALUES ('77', '1', null, '给对方', '18566061261', '640', '0', '1', '01/24', '01/25', '201812471807012411', '1', '18565478426', null, null);
INSERT INTO `order` VALUES ('78', '1', null, '导航动画v', '18566061261', '640', '0', '1', '01/24', '01/25', '201812471917012411', '1', '18565478426', null, null);
INSERT INTO `order` VALUES ('79', '1', null, '许昌', '18566061261', '640', '0', '1', '01/24', '01/25', '201812472001012411', '1', '18565478426', null, null);
INSERT INTO `order` VALUES ('80', '1', null, '斤斤', '18566666666', '640', '0', '1', '01/24', '01/25', '201812473105012411', '1', '18565478426', null, null);
INSERT INTO `order` VALUES ('81', '1', null, '积极', '18566778899', '5250', '0', '2', '01/24', '01/31', '201812473152012421', '7', '18565478426', '2018/1/24 下午7:31:52', '2018/1/24 下午7:46:52');
INSERT INTO `order` VALUES ('82', '3', null, '我我我', '18588888888', '6822', '0', '5', '02/05', '02/23', '201812473548020553', '18', '18565478426', '2018/1/24 下午7:35:48', '2018/1/24 下午7:50:48');
INSERT INTO `order` VALUES ('83', '1', null, '啊啊啊', '18677889900', '2250', '1', '2', '01/24', '01/27', '201812473621012421', '3', '18565478426', '2018/1/24 下午7:36:21', '2018/1/24 下午7:51:21');
INSERT INTO `order` VALUES ('84', '7', null, '哦哦哦', '18566668888', '1208', '0', '10', '01/24', '01/25', '2018124736440124107', '1', '18565478426', '2018/1/24 下午7:36:44', '2018/1/24 下午7:51:44');
INSERT INTO `order` VALUES ('85', '2', null, '我', '18677889900', '1308', '0', '4', '01/24', '01/25', '201812473728012442', '1', '18565478426', '2018/1/24 下午7:37:28', '2018/1/24 下午7:52:28');
INSERT INTO `order` VALUES ('86', '7', null, '急急急', '15888888888', '1208', '0', '10', '01/24', '01/25', '2018124738070124107', '1', '18565478426', '2018/1/24 下午7:38:07', '2018/1/24 下午7:53:07');
INSERT INTO `order` VALUES ('87', '5', null, '13456', '18688888888', '1236648', '0', '8', '02/07', '02/28', '201812473938020785', '21', '18565478426', '2018/1/24 下午7:39:38', '2018/1/24 下午7:54:38');
INSERT INTO `order` VALUES ('91', '2', null, 'ligg', '18566067890', '1308', '0', '4', '01/25', '01/26', '2018125101904012542', '1', '18565478426', '2018/1/25 上午10:19:04', '2018/1/25 上午10:34:04');
INSERT INTO `order` VALUES ('92', '1', null, 'linzixi', '15603016541', '640', '1', '1', '01/25', '01/26', '2018125112625012511', '1', '15603016544', '2018/1/25 上午11:26:25', '2018/1/25 上午11:41:25');
INSERT INTO `order` VALUES ('93', '2', null, '梓熹', '15603016541', '1308', '1', '4', '01/25', '01/26', '2018125112825012542', '1', '15603016544', '2018/1/25 上午11:28:25', '2018/1/25 上午11:43:25');
INSERT INTO `order` VALUES ('94', '2', null, 'guomingli', '15603016541', '1308', '1', '4', '01/25', '01/26', '2018125114718012542', '1', '15603016541', '2018/1/25 上午11:47:18', '2018/1/25 下午12:02:18');
INSERT INTO `order` VALUES ('95', '1', null, 'linzixi', '15603016541', '640', '1', '1', '01/25', '01/26', '201812530036012511', '1', '15603016541', '2018/1/25 下午3:00:36', '2018/1/25 下午3:15:36');
INSERT INTO `order` VALUES ('96', '2', null, '林梓熹', '15603016541', '7848', '1', '4', '01/25', '01/31', '201812530617012542', '6', '15603016541', '2018/1/25 下午3:06:17', '2018/1/25 下午3:21:17');
INSERT INTO `order` VALUES ('97', '5', null, '15603016541', '15603016541', '58888', '1', '8', '01/25', '01/26', '201812531619012585', '1', '15603016541', '2018/1/25 下午3:16:19', '2018/1/25 下午3:31:19');
INSERT INTO `order` VALUES ('98', '1', null, '斯蒂芬', '13719069238', '640', '1', '1', '01/25', '01/26', '201812560013012511', '1', '18565478426', '2018/1/25 下午6:00:13', '2018/1/25 下午6:15:13');
INSERT INTO `order` VALUES ('99', '1', null, '李白', '18566061211', '21000', '1', '2', '01/31', '02/28', '2018125203005013121', '28', '15603016542', '2018/1/25 20:30:05', '2018/1/25 20:45:05');
INSERT INTO `order` VALUES ('100', '3', null, '林梓熹', '15603016541', '379', '1', '5', '01/25', '01/26', '201812590659012553', '1', '15603016541', '2018/1/25 下午9:06:59', '2018/1/25 下午9:21:59');
INSERT INTO `order` VALUES ('101', '9', null, '李阳', '18566062261', '520', '1', '15', '01/26', '01/27', '20181260914380126159', '1', '15603016542', '2018/1/26 09:14:38', '2018/1/26 09:29:38');
INSERT INTO `order` VALUES ('102', '2', null, '1', '18218667654', '1308', '1', '4', '01/26', '01/27', '201812692333012642', '1', '18218661437', '2018/1/26 上午9:23:33', '2018/1/26 上午9:38:33');
INSERT INTO `order` VALUES ('103', '3', null, '张金星', '18565478426', '379', '1', '5', '01/26', '01/27', '201812692726012653', '1', '18565478426', '2018/1/26 上午9:27:26', '2018/1/26 上午9:42:26');
INSERT INTO `order` VALUES ('104', '3', null, '张金星', '18565478426', '379', '2', '5', '01/26', '01/27', '201812692728012653', '1', '18565478426', '2018/1/26 上午9:27:28', '2018/1/26 上午9:42:28');
INSERT INTO `order` VALUES ('105', '1', null, '3', '13211111111', '640', '1', '1', '01/26', '01/27', '201812694236012611', '1', '13211111111', '2018/1/26 上午9:42:36', '2018/1/26 上午9:57:36');
INSERT INTO `order` VALUES ('106', '1', null, '67687', '18209878798', '750', '0', '2', '01/26', '01/27', '201812694502012621', '1', '18218661437', '2018/1/26 上午9:45:02', '2018/1/26 上午10:00:02');
INSERT INTO `order` VALUES ('107', '2', null, '李阳', '18566061261', '1308', '2', '4', '01/26', '01/27', '2018126094354012642', '1', '15603016542', '2018/1/26 09:43:54', '2018/1/26 09:58:54');
INSERT INTO `order` VALUES ('108', '2', null, 'linzixi', '15603016541', '7848', '1', '4', '01/26', '02/01', '2018126120336012642', '6', '15603016541', '2018/1/26 下午12:03:36', '2018/1/26 下午12:18:36');
INSERT INTO `order` VALUES ('109', '1', null, '1560230231', '15603016541', '4480', '0', '1', '01/26', '02/02', '2018126120507012611', '7', '15603016541', '2018/1/26 下午12:05:07', '2018/1/26 下午12:20:07');
INSERT INTO `order` VALUES ('110', '3', null, '林梓熹', '15603016544', '379', '1', '5', '01/26', '01/27', '2018126120720012653', '1', '15603016542', '2018/1/26 下午12:07:20', '2018/1/26 下午12:22:20');
INSERT INTO `order` VALUES ('111', '2', null, '李阳', '15603016541', '1308', '1', '4', '01/26', '01/27', '2018126121753012642', '1', '15603016542', '2018/1/26 下午12:17:53', '2018/1/26 下午12:32:53');
INSERT INTO `order` VALUES ('112', '2', null, '嘿嘿嘿', '15603016444', '1308', '1', '4', '01/26', '01/27', '2018126121826012642', '1', '15603016542', '2018/1/26 下午12:18:26', '2018/1/26 下午12:33:26');
INSERT INTO `order` VALUES ('113', '2', null, '林梓熹', '15603016541', '1308', '1', '4', '01/26', '01/27', '201812621932012642', '1', '15603016542', '2018/1/26 下午2:19:32', '2018/1/26 下午2:34:32');
INSERT INTO `order` VALUES ('114', '1', null, '1', '13412341234', '640', '1', '1', '01/26', '01/27', '201812622309012611', '1', '13412341234', '2018/1/26 下午2:23:09', '2018/1/26 下午2:38:09');
INSERT INTO `order` VALUES ('115', null, null, '你还发挂号费', '规范化发个', '规范化飞', '0', null, '好符合', '个很烦', null, '1', null, null, null);
INSERT INTO `order` VALUES ('116', '1', null, '22', '13222222222', '456', '1', '19', '01/26', '01/27', '2018126255200126191', '1', '13211111111', '2018/1/26 下午2:55:20', '2018/1/26 下午3:10:20');
INSERT INTO `order` VALUES ('117', '1', null, '3', '13322222222', '640', '0', '1', '01/26', '01/27', '201812625849012611', '1', '13211111111', '2018/1/26 下午2:58:49', '2018/1/26 下午3:13:49');
INSERT INTO `order` VALUES ('122', '2', null, '李阳', '18566061261', '1308', '0', '4', '01/27', '01/28', '2018127115306012742', '1', '15603016542', '2018/1/27 上午11:53:06', '2018/1/27 下午12:08:06');
INSERT INTO `order` VALUES ('123', '2', null, '质感', '18345678900', '1308', '0', '4', '01/27', '01/28', '2018127115722012742', '1', '15603016542', '2018/1/27 上午11:57:22', '2018/1/27 下午12:12:22');
INSERT INTO `order` VALUES ('124', '2', null, '石东村路口', '18566061261', '1308', '0', '4', '01/27', '01/28', '2018127120357012742', '1', '15603016542', '2018/1/27 下午12:03:57', '2018/1/27 下午12:18:57');
INSERT INTO `order` VALUES ('125', '3', null, '林自习', '15603016541', '379', '1', '5', '01/27', '01/28', '201812725857012753', '1', '15603016541', '2018/1/27 下午2:58:57', '2018/1/27 下午3:13:57');
INSERT INTO `order` VALUES ('126', '3', null, '张金星', '13137542828', '379', '1', '5', '01/27', '01/28', '201812730900012753', '1', '18565478426', '2018/1/27 下午3:09:00', '2018/1/27 下午3:24:00');
INSERT INTO `order` VALUES ('127', '4', null, '李阳', '18548587774', '1452', '0', '6', '01/27', '01/31', '201812732113012764', '4', '18565478426', '2018/1/27 下午3:21:13', '2018/1/27 下午3:36:13');
INSERT INTO `order` VALUES ('128', '3', null, '哈哈', '18412345678', '379', '1', '5', '01/27', '01/28', '201812732850012753', '1', '18565478426', '2018/1/27 下午3:28:50', '2018/1/27 下午3:43:50');
INSERT INTO `order` VALUES ('129', '2', null, 'chcnx', '18566061261', '31392', '0', '4', '01/27', '02/20', '201812755551012742', '24', '18211672566', '2018/1/27 下午5:55:51', '2018/1/27 下午6:10:51');

-- ----------------------------
-- Table structure for orderlist
-- ----------------------------
DROP TABLE IF EXISTS `orderlist`;
CREATE TABLE `orderlist` (
  `id` int(10) unsigned NOT NULL AUTO_INCREMENT COMMENT '订单id',
  `username` varchar(50) CHARACTER SET utf8 COLLATE utf8_unicode_ci NOT NULL COMMENT '订单用户',
  `order_id` varchar(255) CHARACTER SET utf8 COLLATE utf8_croatian_ci NOT NULL COMMENT '订单id',
  `startTime` varchar(10) CHARACTER SET utf8 COLLATE utf8_unicode_ci NOT NULL COMMENT '入住时间',
  `endTime` varchar(10) CHARACTER SET utf8 COLLATE utf8_unicode_ci NOT NULL COMMENT '离店时间',
  `orderTime` varchar(255) CHARACTER SET utf8 COLLATE utf8_unicode_ci NOT NULL COMMENT '下单时间',
  `price` int(10) NOT NULL COMMENT '订单金额',
  `hotel_id` int(10) NOT NULL COMMENT '酒店id',
  `room_id` int(10) NOT NULL COMMENT '房间id',
  `paidType` varchar(255) NOT NULL COMMENT '付款状态',
  PRIMARY KEY (`id`)
) ENGINE=InnoDB AUTO_INCREMENT=7 DEFAULT CHARSET=utf8;

-- ----------------------------
-- Records of orderlist
-- ----------------------------
INSERT INTO `orderlist` VALUES ('2', 'liyang', '201812295640012285', '01月22日', '01月23日', '2018/1/22 上午9:56:40', '58888', '5', '8', '0');
INSERT INTO `orderlist` VALUES ('3', 'liyang', '201812295904012285', '01月22日', '01月23日', '2018/1/22 上午9:59:04', '58888', '5', '8', '0');
INSERT INTO `orderlist` VALUES ('4', 'liyang', '2018122100156012285', '01月22日', '01月23日', '2018/1/22 上午10:01:56', '58888', '5', '8', '0');
INSERT INTO `orderlist` VALUES ('5', 'liyang', '20181221006230122118', '01月22日', '01月23日', '2018/1/22 上午10:06:23', '480', '8', '11', '0');
INSERT INTO `orderlist` VALUES ('6', 'liyang', '20181221006590122118', '01月22日', '01月23日', '2018/1/22 上午10:06:59', '480', '8', '11', '0');

-- ----------------------------
-- Table structure for room
-- ----------------------------
DROP TABLE IF EXISTS `room`;
CREATE TABLE `room` (
  `id` int(11) NOT NULL AUTO_INCREMENT,
  `hotelId` int(10) NOT NULL COMMENT '酒店id',
  `type` varchar(100) CHARACTER SET utf8 COLLATE utf8_unicode_ci NOT NULL COMMENT '房屋类型',
  `znecancelPrice` int(10) NOT NULL DEFAULT '0' COMMENT '住哪儿可取消价格',
  `znePrice` int(10) NOT NULL DEFAULT '0' COMMENT '住哪儿不可取消价格',
  `delegatecancelPrice` int(10) NOT NULL DEFAULT '0' COMMENT '代理可取消价格',
  `delegatePrice` int(10) NOT NULL DEFAULT '0' COMMENT '代理不可取消价格',
  `hasWindow` int(1) NOT NULL DEFAULT '1' COMMENT '有无窗户：默认有',
  `hasWifi` int(1) NOT NULL DEFAULT '1' COMMENT '有无wifi：默认有',
  `equipmentCondtion` varchar(20) CHARACTER SET utf8 COLLATE utf8_unicode_ci NOT NULL COMMENT '配套设施情况',
  `floor` varchar(100) NOT NULL DEFAULT '1' COMMENT '楼层：默认1楼',
  `square` int(4) NOT NULL COMMENT '面积：平米',
  `bedScale` varchar(10) CHARACTER SET utf8 COLLATE utf8_unicode_ci NOT NULL COMMENT '床大小',
  `availablePerson` int(3) NOT NULL COMMENT '可入住人数',
  `roomCount` int(3) NOT NULL COMMENT '总房间数量',
  `otherInfo` varchar(200) CHARACTER SET utf8 COLLATE utf8_unicode_ci NOT NULL COMMENT '其他信息',
  `count` int(10) NOT NULL COMMENT '可用房屋数量',
  `image1` varchar(100) CHARACTER SET utf8 COLLATE utf8_unicode_ci NOT NULL COMMENT '房屋附图1',
  `image2` varchar(100) CHARACTER SET utf8 COLLATE utf8_unicode_ci NOT NULL COMMENT '房屋附图2',
  `image3` varchar(100) CHARACTER SET utf8 COLLATE utf8_unicode_ci NOT NULL COMMENT '房屋附图3',
  `image4` varchar(100) CHARACTER SET utf8 COLLATE utf8_unicode_ci NOT NULL COMMENT '房屋附图4',
  `image5` varchar(100) CHARACTER SET utf8 COLLATE utf8_unicode_ci NOT NULL COMMENT '房屋附图5',
  `cancelAllow` varchar(255) CHARACTER SET utf8mb4 DEFAULT NULL COMMENT '是否可取消 1可以 0不可以',
  PRIMARY KEY (`id`)
) ENGINE=InnoDB AUTO_INCREMENT=20 DEFAULT CHARSET=utf8;

-- ----------------------------
-- Records of room
-- ----------------------------
INSERT INTO `room` VALUES ('1', '1', '高级双床房', '647', '640', '640', '630', '1', '1', '全优 ', '2', '88', '3米宽', '2', '14', '红木高级大床房', '0', 'postedImage/9a936772b639e714a234ee79751b53ae.jpg', 'postedImage/30dc42709d7f5088d871046aafa3bc6c.jpg', 'postedImage/7f186a86f98aed5ac10e791f246f4f2b.jpg', '', '', '1');
INSERT INTO `room` VALUES ('2', '1', '豪华双床房 ', '767', '750', '766', '745', '1', '1', '全优 ', '2', '120', '3米宽', '2', '8', '到店送果盘哦', '0', 'postedImage/d668731025cb755d55099fba08e43a44.jpg', 'postedImage/7958869bef6891df019c1f5741130c7b.jpg', 'postedImage/1ed004821082593f22269c6c1df3fe0b.jpg', '', '', '1');
INSERT INTO `room` VALUES ('3', '1', '行政大床房 ', '1134', '1030', '1123', '1000', '1', '0', '全优 ', '1', '130', '3米宽', '2', '8', '果盘赠送', '0', 'postedImage/d054746f046e1a4a69a5f4c34c65709a.jpg', '', '', '', '', '0');
INSERT INTO `room` VALUES ('4', '2', '凯悦客房 ', '1725', '1308', '1590', '1300', '1', '1', '全优 ', '3', '120', '3米宽', '2', '12', '无', '12', 'postedImage/6810c5fe04d8be64af56aac0139de29e.jpg', '', '', '', '', '1');
INSERT INTO `room` VALUES ('5', '3', '高级标准房 ', '385', '379', '381', '360', '1', '1', '全优 ', '1', '80', '3米宽', '2', '12', '果盘赠送', '11', 'postedImage/c06b5ddac656451c0b160e42c9253282.jpg', 'postedImage/45476863a1c1ef89f3f31972ee08ffd3.jpg', 'postedImage/a939d3b73ea19dcae25ff571857f9fc3.jpg', '', '', '0');
INSERT INTO `room` VALUES ('6', '4', '高级双床房', '359', '363', '399', '350', '1', '1', '全优 ', '6', '100', '3米宽', '2', '4', '无', '1', 'postedImage/5a599da64c12e10f6711489b4d8a3d2e.jpg', '', '', '', '', '1');
INSERT INTO `room` VALUES ('7', '4', '亲子房 ', '499', '499', '529', '482', '1', '1', '全优 ', '6', '100', '3米宽', '2', '4', '无', '4', 'postedImage/9d776a335bf2384593d079c06f397f4e.jpg', 'postedImage/6c8e59409a99a83c15011000ec817016.jpg', 'postedImage/d9bd30b03217abfe22f4fe51deac7845.jpg', '', '', '1');
INSERT INTO `room` VALUES ('8', '5', '总统套房 ', '58888', '58888', '58888', '58888', '1', '1', '优秀 ', '4', '300', '5米宽', '2', '10', '送水果盘', '10', 'postedImage/9d4add05db2cb379b6c4b970ea1ce66f.jpg', 'postedImage/47ec929c969c5743793baf0b8b7e1658.jpg', 'postedImage/7ecd3d952a26ffa65327a6f02ac71b31.jpg', 'postedImage/1c4f646bf853b2dd15349d3e2af00110.jpg', '', '1');
INSERT INTO `room` VALUES ('9', '6', '君亭家庭房 ', '478', '469', '460', '455', '1', '1', '全优 ', '2', '80', '3米宽', '2', '2', '无', '0', 'postedImage/4cd182201714ca0d9f0f1b647a2961c1.jpg', '', '', '', '', '0');
INSERT INTO `room` VALUES ('10', '7', '广场俱乐部商务房 ', '1268', '1208', '1238', '1200', '1', '1', '全优 ', '4', '120', '4米宽', '2', '12', '无', '12', 'postedImage/e913ec88af2282e971234c9a8048f82f.jpg', '', '', '', '', '0');
INSERT INTO `room` VALUES ('11', '8', '特价房 ', '498', '480', '480', '450', '1', '1', '优秀 ', '1', '120', '3米宽', '2', '6', '无', '6', 'postedImage/8d23294fe90f424c0a09ea9a75f27371.jpg', 'postedImage/8d50f607fba1647f81276dca9fde2058.jpg', '', '', '', '0');
INSERT INTO `room` VALUES ('12', '9', '君亭概念房 ', '829', '828', '850', '840', '1', '1', '良好 ', '2', '120', '3米宽', '2', '8', '无', '8', 'postedImage/9ba9230bf9e2e88916535f8d3be0f509.jpg', 'postedImage/eb3551b26e064c39f988b003de8b6457.jpg', '', '', '', '0');
INSERT INTO `room` VALUES ('13', '9', '君亭套房', '1145', '1130', '1145', '1120', '1', '1', '良好 ', '3、4、8层', '45', '双人床2米', '2', '6', '无', '6', 'postedImage/08c340f4258e06d6e47ff9fa01208d53.jpg', '', '', '', '', '0');
INSERT INTO `room` VALUES ('14', '11', '君亭套房', '1145', '1130', '1145', '1120', '1', '0', '良好 ', '3、4、8层', '45', '双人床2米', '2', '6', '红木高级大床房', '5', 'postedImage/e05894491f053d22ada95436428585b6.jpg', '', '', '', '', '1');
INSERT INTO `room` VALUES ('15', '9', '豪华大床房 ', '523', '520', '520', '500', '0', '1', '良好 ', '2-10层', '25', '双人床1.8米', '2', '28', '不可加床', '28', 'postedImage/16abae03fe993b38ae34e5993b55430a.jpg', 'postedImage/07c50e1499c13f740ba02f2a229ecce6.jpg', 'postedImage/1ba1b8545ce7353f909a19a4d8a1f8fb.jpg', '', '', '0');
INSERT INTO `room` VALUES ('16', '16', '天宫系列房', '999', '980', '980', '970', '1', '1', '全优 ', '8', '50', '3米宽', '2', '28', '到店送餐券', '28', 'postedImage/ef1635aa98be875051b9726ace819d7a.jpg', 'postedImage/baee4ad8dba7f45e7de1e5642b97ab7b.jpg', 'postedImage/8edfd78bb845d2c2b24da7546257e770.jpg', 'postedImage/00ef157b95893b566d474eda842783ba.jpg', 'postedImage/ad6b6001a0b357cb3113b313456906cc.jpg', '1');
INSERT INTO `room` VALUES ('17', '1', '太空房', '111', '222', '333555', '1234', '1', '1', '好', '1', '20', '大圆床', '2', '20', '无', '28', 'postedImage', 'postedImage', 'postedImage', 'postedImage', 'postedImage', '1');
INSERT INTO `room` VALUES ('18', '1', '火星房', '256', '888', '121', '1234', '1', '1', 'good', '1', '20', '火星床', '3', '10', '无', '28', 'posted', 'posted', 'posted', 'posted', 'posted', '0');
INSERT INTO `room` VALUES ('19', '1', '水星房', '678', '456', '3453', '4', '1', '1', 'good', '1', '20', '水床', '2', '1', '无', '28', 'posted', 'posted', 'posted', 'posted', 'posted', '0');

-- ----------------------------
-- Table structure for subject
-- ----------------------------
DROP TABLE IF EXISTS `subject`;
CREATE TABLE `subject` (
  `id` int(5) NOT NULL AUTO_INCREMENT COMMENT '主题id',
  `subject` varchar(50) CHARACTER SET utf8 COLLATE utf8_unicode_ci NOT NULL COMMENT '主题名称',
  `description` varchar(100) NOT NULL COMMENT '主题介绍',
  `image` varchar(50) NOT NULL COMMENT '主题图片',
  PRIMARY KEY (`id`)
) ENGINE=InnoDB AUTO_INCREMENT=15 DEFAULT CHARSET=utf8;

-- ----------------------------
-- Records of subject
-- ----------------------------
INSERT INTO `subject` VALUES ('1', '精品民宿', '一个故事，一种格调', 'subject/JPMS.jpg');
INSERT INTO `subject` VALUES ('2', '茶园野趣', '道狭草木长，夕露沾我衣', 'subject/CYYQ.jpg');
INSERT INTO `subject` VALUES ('3', '景点周边', '方便到达附近好玩的地方', 'subject/JDZB.jpg');
INSERT INTO `subject` VALUES ('4', '城市周边', '游山玩水，不亦乐乎', 'subject/CSZB.jpg');
INSERT INTO `subject` VALUES ('5', '公园之畔', '门庭柳碧翠，阶前草芬芳', 'subject/GYZP.jpg');
INSERT INTO `subject` VALUES ('6', '温泉酒店', '把身体交给惬意温泉', 'subject/WQJD.jpg');
INSERT INTO `subject` VALUES ('7', '背包客栈', '适合背包族的号客栈', 'subject/BBKZ.jpg');
INSERT INTO `subject` VALUES ('8', '轻奢', '高品质的细节追求', 'subject/QS.jpg');
INSERT INTO `subject` VALUES ('9', '新开酒店', '一切都是全新的', 'subject/XKJD.jpg');
INSERT INTO `subject` VALUES ('10', '高端酒店', '最棒的硬件最好的享受', 'subject/GDJD.jpg');
INSERT INTO `subject` VALUES ('11', '度假酒店', '最适合假期前往下榻', 'subject/DJJD.jpg');
INSERT INTO `subject` VALUES ('12', '亲子酒店', '在这里给孩子爱与陪伴', 'subject/QZJD.jpg');
INSERT INTO `subject` VALUES ('13', '情侣酒店', '与爱人共度好时光', 'subject/QLJD.jpg');
INSERT INTO `subject` VALUES ('14', '山水酒店', '住在诗意山水间', 'subject/SSJD.jpg');

-- ----------------------------
-- Table structure for user
-- ----------------------------
DROP TABLE IF EXISTS `user`;
CREATE TABLE `user` (
  `id` int(10) NOT NULL AUTO_INCREMENT COMMENT 'id',
  `telephone` varchar(11) CHARACTER SET utf8 COLLATE utf8_unicode_ci NOT NULL COMMENT '昵称、手机号',
  `gender` varchar(4) CHARACTER SET utf8 COLLATE utf8_unicode_ci NOT NULL DEFAULT '未设置' COMMENT '性别',
  `birthday` varchar(10) CHARACTER SET utf8 COLLATE utf8_unicode_ci DEFAULT NULL COMMENT '生日',
  `password` varchar(100) CHARACTER SET utf8 COLLATE utf8_unicode_ci DEFAULT NULL COMMENT '密码',
  `avator` varchar(100) CHARACTER SET utf8 COLLATE utf8_unicode_ci DEFAULT NULL COMMENT '头像',
  `account` int(20) DEFAULT '0' COMMENT '账户余额',
  `nickname` varchar(30) CHARACTER SET utf8 COLLATE utf8_unicode_ci NOT NULL DEFAULT 'user' COMMENT '昵称',
  PRIMARY KEY (`id`)
) ENGINE=InnoDB AUTO_INCREMENT=42 DEFAULT CHARSET=utf8;

-- ----------------------------
-- Records of user
-- ----------------------------
INSERT INTO `user` VALUES ('1', '15757118174', '男', '1995-02-20', '123456', '', '0', '大忙人');
INSERT INTO `user` VALUES ('2', '15757118111', '男', '2009-3-24', '123456', 'avator/7e5443fff29b245a0e6f127ea51c9cb1.jpg', '0', '陈独秀');
INSERT INTO `user` VALUES ('3', '15757118133', '', '', '123456', '', '0', '胡德全');
INSERT INTO `user` VALUES ('4', '1122121', '男', null, '12121', null, '0', 'user');
INSERT INTO `user` VALUES ('5', '1231', '男', null, '212', null, '0', 'user');
INSERT INTO `user` VALUES ('6', '123', '男', null, '123333', null, '0', 'user');
INSERT INTO `user` VALUES ('7', '12333', '男', null, '131333', null, '0', 'user');
INSERT INTO `user` VALUES ('8', '12', '男', null, '12', null, '0', 'user');
INSERT INTO `user` VALUES ('9', '11', '男', null, '111', null, '0', 'user');
INSERT INTO `user` VALUES ('10', '12', '男', null, '12', null, '0', 'user');
INSERT INTO `user` VALUES ('11', '12', '男', null, '12', null, '0', 'user');
INSERT INTO `user` VALUES ('12', '12', '男', null, '12', null, '0', 'user');
INSERT INTO `user` VALUES ('13', '12', '男', null, '12', null, '0', 'user');
INSERT INTO `user` VALUES ('14', '8', '男', null, '9', null, '0', 'user');
INSERT INTO `user` VALUES ('15', '3', '男', null, '3', null, '0', 'user');
INSERT INTO `user` VALUES ('16', '23', '男', null, '23', null, '0', 'user');
INSERT INTO `user` VALUES ('17', '23', '男', null, '23', null, '0', 'user');
INSERT INTO `user` VALUES ('18', '18565478426', '男', null, '123456', null, '0', 'user');
INSERT INTO `user` VALUES ('19', '18211672566', '男', null, '123456', null, '0', 'user');
INSERT INTO `user` VALUES ('20', '13137543929', '男', null, '12345676', null, '0', 'user');
INSERT INTO `user` VALUES ('21', '13137543929', '男', null, '12345676', null, '0', 'user');
INSERT INTO `user` VALUES ('22', '13137543929', '男', null, '12345676', null, '0', 'user');
INSERT INTO `user` VALUES ('23', '13137543929', '男', null, '12345676', null, '0', 'user');
INSERT INTO `user` VALUES ('24', '13137543929', '男', null, '123456789', null, '0', 'user');
INSERT INTO `user` VALUES ('25', '18566478422', '男', null, '123456789', null, '0', 'user');
INSERT INTO `user` VALUES ('37', '13412341234', '未设置', null, '12341234', null, '0', 'user');
INSERT INTO `user` VALUES ('41', '15603016541', '未设置', null, 'abc123zx', null, '0', 'user');

-- ----------------------------
-- Table structure for userhistory
-- ----------------------------
DROP TABLE IF EXISTS `userhistory`;
CREATE TABLE `userhistory` (
  `id` int(11) NOT NULL AUTO_INCREMENT,
  `username` varchar(11) DEFAULT NULL,
  `hName` varchar(255) DEFAULT NULL,
  `create_at` timestamp NULL DEFAULT CURRENT_TIMESTAMP,
  `update_at` timestamp NULL DEFAULT CURRENT_TIMESTAMP ON UPDATE CURRENT_TIMESTAMP,
  PRIMARY KEY (`id`)
) ENGINE=MyISAM AUTO_INCREMENT=473 DEFAULT CHARSET=utf8;

-- ----------------------------
-- Records of userhistory
-- ----------------------------
INSERT INTO `userhistory` VALUES ('1', '1', '杭州凯悦酒店', '2018-01-25 13:22:30', '2018-01-25 16:03:47');
INSERT INTO `userhistory` VALUES ('123', '13719069238', '杭州银隆君亭酒店', '2018-01-26 11:05:49', '2018-01-26 11:05:49');
INSERT INTO `userhistory` VALUES ('3', '18565478426', '杭州凯悦酒店', null, '2018-01-25 16:03:47');
INSERT INTO `userhistory` VALUES ('4', '18565478426', '杭州国大雷迪森广场酒店', null, '2018-01-25 16:03:47');
INSERT INTO `userhistory` VALUES ('5', '18565478426', '杭州国大雷迪森广场酒店', null, '2018-01-25 16:03:47');
INSERT INTO `userhistory` VALUES ('6', '18565478426', '北京金霖酒店 ', null, '2018-01-25 16:03:47');
INSERT INTO `userhistory` VALUES ('7', '18565478426', '北京金霖酒店 ', null, '2018-01-25 16:03:47');
INSERT INTO `userhistory` VALUES ('8', '18565478426', '杭州开元名都大酒店', null, '2018-01-25 16:03:47');
INSERT INTO `userhistory` VALUES ('9', '18565478426', '杭州开元名都大酒店', null, '2018-01-25 16:03:47');
INSERT INTO `userhistory` VALUES ('10', '18565478426', '杭州凯悦酒店', null, '2018-01-25 16:03:47');
INSERT INTO `userhistory` VALUES ('11', '18565478426', '杭州湖滨君亭酒店 ', null, '2018-01-25 16:03:47');
INSERT INTO `userhistory` VALUES ('12', '18565478426', '杭州凯悦酒店', null, '2018-01-25 16:03:47');
INSERT INTO `userhistory` VALUES ('13', '18565478426', '杭州新延安饭店 ', null, '2018-01-25 16:03:47');
INSERT INTO `userhistory` VALUES ('14', '18565478426', '浙江百瑞国际大酒店 ', null, '2018-01-25 16:03:47');
INSERT INTO `userhistory` VALUES ('15', '18565478426', '杭州新延安饭店 ', null, '2018-01-25 16:03:47');
INSERT INTO `userhistory` VALUES ('16', '15603018888', '杭州湖滨君亭酒店 ', null, '2018-01-25 16:03:47');
INSERT INTO `userhistory` VALUES ('17', '15603018888', '杭州西溪悦椿度假酒店', null, '2018-01-25 16:03:47');
INSERT INTO `userhistory` VALUES ('18', '15603018888', '杭州西溪悦椿度假酒店', null, '2018-01-25 16:03:47');
INSERT INTO `userhistory` VALUES ('19', '15603016541', '杭州开元名都大酒店', null, '2018-01-25 16:03:47');
INSERT INTO `userhistory` VALUES ('20', '15603016541', '杭州西溪喜来登度假大酒店', null, '2018-01-25 16:03:47');
INSERT INTO `userhistory` VALUES ('21', '15603016541', '杭州西溪喜来登度假大酒店', null, '2018-01-25 16:03:47');
INSERT INTO `userhistory` VALUES ('22', '15603016541', '杭州开元名都大酒店', null, '2018-01-25 16:03:47');
INSERT INTO `userhistory` VALUES ('23', '15603016541', '杭州开元名都大酒店', null, '2018-01-25 16:03:47');
INSERT INTO `userhistory` VALUES ('24', '15603016541', '北京金霖酒店 ', null, '2018-01-25 16:03:47');
INSERT INTO `userhistory` VALUES ('25', '15603016541', '杭州凯悦酒店', null, '2018-01-25 16:03:47');
INSERT INTO `userhistory` VALUES ('26', '18565478426', '杭州凯悦酒店', null, '2018-01-25 16:03:47');
INSERT INTO `userhistory` VALUES ('27', '18565478426', '杭州凯悦酒店', null, '2018-01-25 16:03:47');
INSERT INTO `userhistory` VALUES ('28', '13719069238', '杭州凯悦酒店', '2018-01-25 16:05:38', '2018-01-25 16:06:42');
INSERT INTO `userhistory` VALUES ('29', '18565478426', '千岛湖洲际度假酒店 ', '2018-01-25 16:05:42', '2018-01-25 16:05:42');
INSERT INTO `userhistory` VALUES ('30', '18565478426', '千岛湖洲际度假酒店 ', '2018-01-25 16:05:44', '2018-01-25 16:05:44');
INSERT INTO `userhistory` VALUES ('31', '18565478426', '浙江百瑞国际大酒店 ', '2018-01-25 16:07:41', '2018-01-25 16:07:41');
INSERT INTO `userhistory` VALUES ('32', '18565478426', '杭州凯悦酒店', '2018-01-25 16:07:43', '2018-01-25 16:07:43');
INSERT INTO `userhistory` VALUES ('33', '18565478426', '杭州开元名都大酒店', '2018-01-25 16:07:45', '2018-01-25 16:07:45');
INSERT INTO `userhistory` VALUES ('34', '18565478426', '千岛湖洲际度假酒店 ', '2018-01-25 17:52:28', '2018-01-25 17:52:28');
INSERT INTO `userhistory` VALUES ('35', '18565478426', '杭州湖滨君亭酒店 ', '2018-01-25 17:59:21', '2018-01-25 17:59:21');
INSERT INTO `userhistory` VALUES ('36', '18565478426', '杭州开元名都大酒店', '2018-01-25 17:59:49', '2018-01-25 17:59:49');
INSERT INTO `userhistory` VALUES ('37', '15603016541', '杭州开元名都大酒店', '2018-01-25 19:57:48', '2018-01-25 19:57:48');
INSERT INTO `userhistory` VALUES ('38', '18565478426', '杭州西溪喜来登度假大酒店', '2018-01-25 20:01:23', '2018-01-25 20:01:23');
INSERT INTO `userhistory` VALUES ('39', '18565478426', '浙江百瑞国际大酒店 ', '2018-01-25 20:01:41', '2018-01-25 20:01:41');
INSERT INTO `userhistory` VALUES ('40', '18565478426', '杭州开元名都大酒店', '2018-01-25 20:01:45', '2018-01-25 20:01:45');
INSERT INTO `userhistory` VALUES ('41', '18565478426', '杭州新延安饭店 ', '2018-01-25 20:01:51', '2018-01-25 20:01:51');
INSERT INTO `userhistory` VALUES ('42', '15603016541', '杭州凯悦酒店', '2018-01-25 20:18:13', '2018-01-25 20:18:13');
INSERT INTO `userhistory` VALUES ('43', '15603016541', '浙江百瑞国际大酒店 ', '2018-01-25 20:18:16', '2018-01-25 20:18:16');
INSERT INTO `userhistory` VALUES ('44', '15603016541', '杭州银隆君亭酒店', '2018-01-25 20:18:21', '2018-01-25 20:18:21');
INSERT INTO `userhistory` VALUES ('45', '15603016541', '杭州银隆君亭酒店', '2018-01-25 20:18:24', '2018-01-25 20:18:24');
INSERT INTO `userhistory` VALUES ('46', '18565478426', '杭州开元名都大酒店', '2018-01-25 20:22:07', '2018-01-25 20:22:07');
INSERT INTO `userhistory` VALUES ('47', '18565478426', '杭州新延安饭店 ', '2018-01-25 20:25:26', '2018-01-25 20:25:26');
INSERT INTO `userhistory` VALUES ('48', '18565478426', '杭州凯悦酒店', '2018-01-25 20:25:52', '2018-01-25 20:25:52');
INSERT INTO `userhistory` VALUES ('49', '18565478426', '杭州新延安饭店 ', '2018-01-25 20:25:56', '2018-01-25 20:25:56');
INSERT INTO `userhistory` VALUES ('50', '18565478426', '浙江百瑞国际大酒店 ', '2018-01-25 20:31:09', '2018-01-25 20:31:09');
INSERT INTO `userhistory` VALUES ('51', '18565478426', '杭州凯悦酒店', '2018-01-25 20:31:11', '2018-01-25 20:31:11');
INSERT INTO `userhistory` VALUES ('52', '18565478426', '杭州开元名都大酒店', '2018-01-25 20:31:12', '2018-01-25 20:31:12');
INSERT INTO `userhistory` VALUES ('53', '18565478426', '杭州国大雷迪森广场酒店', '2018-01-25 20:31:15', '2018-01-25 20:31:15');
INSERT INTO `userhistory` VALUES ('54', '18565478426', '测试酒店', '2018-01-25 20:31:22', '2018-01-25 20:31:22');
INSERT INTO `userhistory` VALUES ('55', '18565478426', '天使恋人情侣酒店(万象城店)', '2018-01-25 20:31:36', '2018-01-25 20:31:36');
INSERT INTO `userhistory` VALUES ('56', '18565478426', '测试酒店', '2018-01-25 20:31:39', '2018-01-25 20:31:39');
INSERT INTO `userhistory` VALUES ('57', '18565478426', '杭州新延安饭店 ', '2018-01-25 20:31:42', '2018-01-25 20:31:42');
INSERT INTO `userhistory` VALUES ('58', '18565478426', '千岛湖洲际度假酒店 ', '2018-01-25 20:31:56', '2018-01-25 20:31:56');
INSERT INTO `userhistory` VALUES ('59', '15603016542', '浙江百瑞国际大酒店 ', '2018-01-25 20:33:51', '2018-01-25 20:33:51');
INSERT INTO `userhistory` VALUES ('60', '15603016542', '浙江百瑞国际大酒店 ', '2018-01-25 20:34:10', '2018-01-25 20:34:10');
INSERT INTO `userhistory` VALUES ('61', '15603016542', '杭州银隆君亭酒店', '2018-01-25 20:35:29', '2018-01-25 20:35:29');
INSERT INTO `userhistory` VALUES ('62', '15603016542', '浙江百瑞国际大酒店 ', '2018-01-25 20:35:35', '2018-01-25 20:35:35');
INSERT INTO `userhistory` VALUES ('63', '15603016542', '杭州湖滨君亭酒店 ', '2018-01-25 20:36:10', '2018-01-25 20:36:10');
INSERT INTO `userhistory` VALUES ('64', '15603016542', '北京金霖酒店 ', '2018-01-25 20:37:32', '2018-01-25 20:37:32');
INSERT INTO `userhistory` VALUES ('65', '15603016542', '杭州开元名都大酒店', '2018-01-25 20:37:35', '2018-01-25 20:37:35');
INSERT INTO `userhistory` VALUES ('66', '18565478426', '杭州开元名都大酒店', '2018-01-25 20:51:53', '2018-01-25 20:51:53');
INSERT INTO `userhistory` VALUES ('67', '18565478426', '杭州开元名都大酒店', '2018-01-25 20:51:57', '2018-01-25 20:51:57');
INSERT INTO `userhistory` VALUES ('68', '18565478426', '杭州凯悦酒店', '2018-01-25 20:52:13', '2018-01-25 20:52:13');
INSERT INTO `userhistory` VALUES ('69', '18565478426', '千岛湖洲际度假酒店 ', '2018-01-25 20:52:17', '2018-01-25 20:52:17');
INSERT INTO `userhistory` VALUES ('70', '18565478426', '杭州凯悦酒店', '2018-01-25 20:52:19', '2018-01-25 20:52:19');
INSERT INTO `userhistory` VALUES ('71', '18565478426', '杭州开元名都大酒店', '2018-01-25 20:52:24', '2018-01-25 20:52:24');
INSERT INTO `userhistory` VALUES ('72', '18565478426', '杭州开元名都大酒店', '2018-01-25 20:52:26', '2018-01-25 20:52:26');
INSERT INTO `userhistory` VALUES ('73', '18565478426', '杭州新延安饭店 ', '2018-01-25 20:52:41', '2018-01-25 20:52:41');
INSERT INTO `userhistory` VALUES ('74', '18565478426', '杭州开元名都大酒店', '2018-01-25 20:52:45', '2018-01-25 20:52:45');
INSERT INTO `userhistory` VALUES ('75', '15603016542', '浙江百瑞国际大酒店 ', '2018-01-25 20:55:42', '2018-01-25 20:55:42');
INSERT INTO `userhistory` VALUES ('76', '15603016542', '杭州湖滨君亭酒店 ', '2018-01-25 20:56:09', '2018-01-25 20:56:09');
INSERT INTO `userhistory` VALUES ('77', '15603016542', '杭州新延安饭店 ', '2018-01-25 20:58:12', '2018-01-25 20:58:12');
INSERT INTO `userhistory` VALUES ('78', '15603016542', '千岛湖洲际度假酒店 ', '2018-01-25 21:00:15', '2018-01-25 21:00:15');
INSERT INTO `userhistory` VALUES ('79', '15603016542', '杭州开元名都大酒店', '2018-01-25 21:00:26', '2018-01-25 21:00:26');
INSERT INTO `userhistory` VALUES ('80', '15603016542', '杭州开元名都大酒店', '2018-01-25 21:02:45', '2018-01-25 21:02:45');
INSERT INTO `userhistory` VALUES ('81', '15603016542', '杭州开元名都大酒店', '2018-01-25 21:02:50', '2018-01-25 21:02:50');
INSERT INTO `userhistory` VALUES ('82', '15603016542', '北京远见桃花海度假别墅 ', '2018-01-26 09:17:14', '2018-01-26 09:17:14');
INSERT INTO `userhistory` VALUES ('83', '15603016542', '杭州凯悦酒店', '2018-01-26 09:18:18', '2018-01-26 09:18:18');
INSERT INTO `userhistory` VALUES ('84', '13137543939', '浙江百瑞国际大酒店 ', '2018-01-26 09:18:56', '2018-01-26 09:18:56');
INSERT INTO `userhistory` VALUES ('85', '18566061261', '杭州开元名都大酒店', '2018-01-26 09:20:56', '2018-01-26 09:20:56');
INSERT INTO `userhistory` VALUES ('86', '18218661437', '杭州开元名都大酒店', '2018-01-26 09:26:29', '2018-01-26 09:26:29');
INSERT INTO `userhistory` VALUES ('87', '13211111111', '杭州开元名都大酒店', '2018-01-26 09:38:40', '2018-01-26 09:38:40');
INSERT INTO `userhistory` VALUES ('88', '15603016542', '广州圣丰索菲特大酒店', '2018-01-26 09:45:31', '2018-01-26 09:45:31');
INSERT INTO `userhistory` VALUES ('89', '18218661437', '杭州开元名都大酒店', '2018-01-26 09:47:21', '2018-01-26 09:47:21');
INSERT INTO `userhistory` VALUES ('90', '15603016541', '杭州西溪喜来登度假大酒店', '2018-01-26 09:48:50', '2018-01-26 09:48:50');
INSERT INTO `userhistory` VALUES ('91', '15603016542', '杭州凯悦酒店', '2018-01-26 09:49:45', '2018-01-26 09:49:45');
INSERT INTO `userhistory` VALUES ('92', '15603016542', '浙江百瑞国际大酒店 ', '2018-01-26 09:50:20', '2018-01-26 09:50:20');
INSERT INTO `userhistory` VALUES ('93', '15603016541', '浙江百瑞国际大酒店 ', '2018-01-26 09:52:41', '2018-01-26 09:52:41');
INSERT INTO `userhistory` VALUES ('94', '15603016541', '杭州凯悦酒店', '2018-01-26 09:53:01', '2018-01-26 09:53:01');
INSERT INTO `userhistory` VALUES ('95', '15603016542', '浙江百瑞国际大酒店 ', '2018-01-26 09:53:24', '2018-01-26 09:53:24');
INSERT INTO `userhistory` VALUES ('96', '15603016542', '浙江百瑞国际大酒店 ', '2018-01-26 09:54:19', '2018-01-26 09:54:19');
INSERT INTO `userhistory` VALUES ('97', '15603016541', '杭州凯悦酒店', '2018-01-26 09:54:55', '2018-01-26 09:54:55');
INSERT INTO `userhistory` VALUES ('98', '15603016541', '浙江百瑞国际大酒店 ', '2018-01-26 09:56:01', '2018-01-26 09:56:01');
INSERT INTO `userhistory` VALUES ('99', '15603016541', '杭州开元名都大酒店', '2018-01-26 09:56:39', '2018-01-26 09:56:39');
INSERT INTO `userhistory` VALUES ('100', '15603016541', '浙江百瑞国际大酒店 ', '2018-01-26 09:58:45', '2018-01-26 09:58:45');
INSERT INTO `userhistory` VALUES ('101', '15603016541', '浙江百瑞国际大酒店 ', '2018-01-26 09:58:58', '2018-01-26 09:58:58');
INSERT INTO `userhistory` VALUES ('102', '15603016542', '浙江百瑞国际大酒店 ', '2018-01-26 10:11:18', '2018-01-26 10:11:18');
INSERT INTO `userhistory` VALUES ('103', '15603016542', '浙江百瑞国际大酒店 ', '2018-01-26 10:16:35', '2018-01-26 10:16:35');
INSERT INTO `userhistory` VALUES ('104', '15603016542', '浙江百瑞国际大酒店 ', '2018-01-26 10:16:46', '2018-01-26 10:16:46');
INSERT INTO `userhistory` VALUES ('105', '15603016542', '浙江百瑞国际大酒店 ', '2018-01-26 10:17:12', '2018-01-26 10:17:12');
INSERT INTO `userhistory` VALUES ('106', '15603016542', '浙江百瑞国际大酒店 ', '2018-01-26 10:18:30', '2018-01-26 10:18:30');
INSERT INTO `userhistory` VALUES ('107', '15603016542', '上海衡山路十二号豪华精选酒店 ', '2018-01-26 10:18:50', '2018-01-26 10:18:50');
INSERT INTO `userhistory` VALUES ('108', '15603016542', '浙江百瑞国际大酒店 ', '2018-01-26 10:23:07', '2018-01-26 10:23:07');
INSERT INTO `userhistory` VALUES ('109', '15603016542', '浙江百瑞国际大酒店 ', '2018-01-26 10:23:53', '2018-01-26 10:23:53');
INSERT INTO `userhistory` VALUES ('110', '15603016542', '杭州凯悦酒店', '2018-01-26 10:24:02', '2018-01-26 10:24:02');
INSERT INTO `userhistory` VALUES ('111', '15603016542', '浙江百瑞国际大酒店 ', '2018-01-26 10:24:24', '2018-01-26 10:24:24');
INSERT INTO `userhistory` VALUES ('112', '15603016542', '浙江百瑞国际大酒店 ', '2018-01-26 10:26:05', '2018-01-26 10:26:05');
INSERT INTO `userhistory` VALUES ('113', '15603016542', '浙江百瑞国际大酒店 ', '2018-01-26 10:28:08', '2018-01-26 10:28:08');
INSERT INTO `userhistory` VALUES ('114', '15603016542', '浙江百瑞国际大酒店 ', '2018-01-26 10:28:25', '2018-01-26 10:28:25');
INSERT INTO `userhistory` VALUES ('115', '15603016542', '杭州凯悦酒店', '2018-01-26 10:37:53', '2018-01-26 10:37:53');
INSERT INTO `userhistory` VALUES ('116', '15603016542', '杭州开元名都大酒店', '2018-01-26 10:44:17', '2018-01-26 10:44:17');
INSERT INTO `userhistory` VALUES ('117', '15603016542', '杭州凯悦酒店', '2018-01-26 10:44:39', '2018-01-26 10:44:39');
INSERT INTO `userhistory` VALUES ('118', '15603016542', '杭州凯悦酒店', '2018-01-26 10:46:02', '2018-01-26 10:46:02');
INSERT INTO `userhistory` VALUES ('119', '18565478426', '天使恋人情侣酒店(万象城店)', '2018-01-26 10:56:00', '2018-01-26 10:56:00');
INSERT INTO `userhistory` VALUES ('120', '18565478426', '浙江百瑞国际大酒店 ', '2018-01-26 10:59:06', '2018-01-26 10:59:06');
INSERT INTO `userhistory` VALUES ('121', '13719069238', '杭州凯悦酒店', '2018-01-26 11:04:40', '2018-01-26 11:04:40');
INSERT INTO `userhistory` VALUES ('122', '13719069238', '千岛湖洲际度假酒店 ', '2018-01-26 11:04:53', '2018-01-26 11:04:53');
INSERT INTO `userhistory` VALUES ('124', '15603016541', '杭州开元名都大酒店', '2018-01-26 11:07:47', '2018-01-26 11:07:47');
INSERT INTO `userhistory` VALUES ('125', '15603016542', '浙江百瑞国际大酒店 ', '2018-01-26 11:15:01', '2018-01-26 11:15:01');
INSERT INTO `userhistory` VALUES ('126', '15603016542', '杭州湖滨君亭酒店 ', '2018-01-26 11:15:12', '2018-01-26 11:15:12');
INSERT INTO `userhistory` VALUES ('127', '15603016542', '浙江百瑞国际大酒店 ', '2018-01-26 11:15:42', '2018-01-26 11:15:42');
INSERT INTO `userhistory` VALUES ('128', '15603016542', '浙江百瑞国际大酒店 ', '2018-01-26 11:15:43', '2018-01-26 11:15:43');
INSERT INTO `userhistory` VALUES ('129', '15603016542', '北京金霖酒店 ', '2018-01-26 11:15:52', '2018-01-26 11:15:52');
INSERT INTO `userhistory` VALUES ('130', '13719069238', '杭州凯悦酒店', '2018-01-26 11:16:51', '2018-01-26 11:16:51');
INSERT INTO `userhistory` VALUES ('131', '15603016541', '杭州开元名都大酒店', '2018-01-26 11:19:52', '2018-01-26 11:19:52');
INSERT INTO `userhistory` VALUES ('132', '15603016542', '浙江百瑞国际大酒店 ', '2018-01-26 11:20:41', '2018-01-26 11:20:41');
INSERT INTO `userhistory` VALUES ('133', '15603016542', '杭州凯悦酒店', '2018-01-26 11:23:42', '2018-01-26 11:23:42');
INSERT INTO `userhistory` VALUES ('134', '15603016542', '杭州凯悦酒店', '2018-01-26 11:25:27', '2018-01-26 11:25:27');
INSERT INTO `userhistory` VALUES ('135', '13719069238', '杭州凯悦酒店', '2018-01-26 11:27:15', '2018-01-26 11:27:15');
INSERT INTO `userhistory` VALUES ('136', '13719069238', '浙江百瑞国际大酒店 ', '2018-01-26 11:27:19', '2018-01-26 11:27:19');
INSERT INTO `userhistory` VALUES ('137', '13719069238', '上海同文君亭酒店 ', '2018-01-26 11:27:43', '2018-01-26 11:27:43');
INSERT INTO `userhistory` VALUES ('138', '13719069238', '杭州凯悦酒店', '2018-01-26 11:27:56', '2018-01-26 11:27:56');
INSERT INTO `userhistory` VALUES ('139', '13719069238', '杭州开元名都大酒店', '2018-01-26 11:28:10', '2018-01-26 11:28:10');
INSERT INTO `userhistory` VALUES ('140', '13719069238', '浙江百瑞国际大酒店 ', '2018-01-26 11:28:12', '2018-01-26 11:28:12');
INSERT INTO `userhistory` VALUES ('141', '13719069238', '杭州国大雷迪森广场酒店', '2018-01-26 11:28:14', '2018-01-26 11:28:14');
INSERT INTO `userhistory` VALUES ('142', '13719069238', '杭州西溪喜来登度假大酒店', '2018-01-26 11:28:16', '2018-01-26 11:28:16');
INSERT INTO `userhistory` VALUES ('143', '13719069238', '杭州凯悦酒店', '2018-01-26 11:28:36', '2018-01-26 11:28:36');
INSERT INTO `userhistory` VALUES ('144', '13719069238', '浙江百瑞国际大酒店 ', '2018-01-26 11:29:40', '2018-01-26 11:29:40');
INSERT INTO `userhistory` VALUES ('145', '13719069238', '杭州国大雷迪森广场酒店', '2018-01-26 11:30:20', '2018-01-26 11:30:20');
INSERT INTO `userhistory` VALUES ('146', '13719069238', '杭州西溪喜来登度假大酒店', '2018-01-26 11:30:57', '2018-01-26 11:30:57');
INSERT INTO `userhistory` VALUES ('147', '15603016542', '杭州凯悦酒店', '2018-01-26 11:33:07', '2018-01-26 11:33:07');
INSERT INTO `userhistory` VALUES ('148', '15603016541', '上海同文君亭酒店 ', '2018-01-26 11:45:29', '2018-01-26 11:45:29');
INSERT INTO `userhistory` VALUES ('149', '13719069238', '杭州凯悦酒店', '2018-01-26 11:49:48', '2018-01-26 11:49:48');
INSERT INTO `userhistory` VALUES ('150', '13719069238', '天使恋人情侣酒店(万象城店)', '2018-01-26 11:49:51', '2018-01-26 11:49:51');
INSERT INTO `userhistory` VALUES ('151', '13719069238', '杭州开元名都大酒店', '2018-01-26 11:50:03', '2018-01-26 11:50:03');
INSERT INTO `userhistory` VALUES ('152', '13719069238', '杭州凯悦酒店', '2018-01-26 11:51:38', '2018-01-26 11:51:38');
INSERT INTO `userhistory` VALUES ('153', '13719069238', '杭州凯悦酒店', '2018-01-26 11:52:01', '2018-01-26 11:52:01');
INSERT INTO `userhistory` VALUES ('154', '13719069238', '杭州开元名都大酒店', '2018-01-26 11:52:04', '2018-01-26 11:52:04');
INSERT INTO `userhistory` VALUES ('155', '13719069238', '天使恋人情侣酒店(万象城店)', '2018-01-26 11:52:08', '2018-01-26 11:52:08');
INSERT INTO `userhistory` VALUES ('156', '13719069238', '浙江百瑞国际大酒店 ', '2018-01-26 11:52:23', '2018-01-26 11:52:23');
INSERT INTO `userhistory` VALUES ('157', '13719069238', '浙江百瑞国际大酒店 ', '2018-01-26 11:53:03', '2018-01-26 11:53:03');
INSERT INTO `userhistory` VALUES ('158', '13719069238', '天使恋人情侣酒店(万象城店)', '2018-01-26 11:53:12', '2018-01-26 11:53:12');
INSERT INTO `userhistory` VALUES ('159', '13719069238', '杭州凯悦酒店', '2018-01-26 11:59:54', '2018-01-26 11:59:54');
INSERT INTO `userhistory` VALUES ('160', '13719069238', '杭州开元名都大酒店', '2018-01-26 12:00:08', '2018-01-26 12:00:08');
INSERT INTO `userhistory` VALUES ('161', '15603016541', '杭州开元名都大酒店', '2018-01-26 12:01:46', '2018-01-26 12:01:46');
INSERT INTO `userhistory` VALUES ('162', '13719069238', '浙江百瑞国际大酒店 ', '2018-01-26 12:05:45', '2018-01-26 12:05:45');
INSERT INTO `userhistory` VALUES ('163', '13719069238', '杭州湖滨君亭酒店 ', '2018-01-26 12:08:02', '2018-01-26 12:08:02');
INSERT INTO `userhistory` VALUES ('164', '13719069238', '杭州湖滨君亭酒店 ', '2018-01-26 12:08:24', '2018-01-26 12:08:24');
INSERT INTO `userhistory` VALUES ('165', '13719069238', '杭州凯悦酒店', '2018-01-26 12:08:27', '2018-01-26 12:08:27');
INSERT INTO `userhistory` VALUES ('166', '13719069238', '杭州西溪喜来登度假大酒店', '2018-01-26 12:08:31', '2018-01-26 12:08:31');
INSERT INTO `userhistory` VALUES ('167', '13719069238', '杭州凯悦酒店', '2018-01-26 12:09:11', '2018-01-26 12:09:11');
INSERT INTO `userhistory` VALUES ('168', '13719069238', '杭州凯悦酒店', '2018-01-26 12:09:26', '2018-01-26 12:09:26');
INSERT INTO `userhistory` VALUES ('169', '13719069238', '杭州湖滨君亭酒店 ', '2018-01-26 12:12:19', '2018-01-26 12:12:19');
INSERT INTO `userhistory` VALUES ('170', '13719069238', '天使恋人情侣酒店(万象城店)', '2018-01-26 12:12:24', '2018-01-26 12:12:24');
INSERT INTO `userhistory` VALUES ('171', '13719069238', '北京远见桃花海度假别墅 ', '2018-01-26 12:12:34', '2018-01-26 12:12:34');
INSERT INTO `userhistory` VALUES ('172', '13719069238', '杭州凯悦酒店', '2018-01-26 12:13:04', '2018-01-26 12:13:04');
INSERT INTO `userhistory` VALUES ('173', '13719069238', '北京远见桃花海度假别墅 ', '2018-01-26 12:13:09', '2018-01-26 12:13:09');
INSERT INTO `userhistory` VALUES ('174', '13719069238', '北京远见桃花海度假别墅 ', '2018-01-26 12:13:16', '2018-01-26 12:13:16');
INSERT INTO `userhistory` VALUES ('175', '13719069238', '杭州凯悦酒店', '2018-01-26 12:13:59', '2018-01-26 12:13:59');
INSERT INTO `userhistory` VALUES ('176', '15603016542', '杭州凯悦酒店', '2018-01-26 12:15:15', '2018-01-26 12:15:15');
INSERT INTO `userhistory` VALUES ('177', '13719069238', '杭州开元名都大酒店', '2018-01-26 12:16:10', '2018-01-26 12:16:10');
INSERT INTO `userhistory` VALUES ('178', '13719069238', '杭州西溪喜来登度假大酒店', '2018-01-26 12:16:16', '2018-01-26 12:16:16');
INSERT INTO `userhistory` VALUES ('179', '13719069238', '杭州西溪喜来登度假大酒店', '2018-01-26 12:16:30', '2018-01-26 12:16:30');
INSERT INTO `userhistory` VALUES ('180', '13719069238', '杭州湖滨君亭酒店 ', '2018-01-26 12:16:39', '2018-01-26 12:16:39');
INSERT INTO `userhistory` VALUES ('181', '13719069238', '杭州开元名都大酒店', '2018-01-26 12:16:44', '2018-01-26 12:16:44');
INSERT INTO `userhistory` VALUES ('182', '13719069238', '杭州银隆君亭酒店', '2018-01-26 12:16:51', '2018-01-26 12:16:51');
INSERT INTO `userhistory` VALUES ('183', '13719069238', '上海同文君亭酒店 ', '2018-01-26 12:16:56', '2018-01-26 12:16:56');
INSERT INTO `userhistory` VALUES ('184', '13719069238', '北京远见桃花海度假别墅 ', '2018-01-26 12:17:04', '2018-01-26 12:17:04');
INSERT INTO `userhistory` VALUES ('185', '13719069238', '杭州国大雷迪森广场酒店', '2018-01-26 12:18:57', '2018-01-26 12:18:57');
INSERT INTO `userhistory` VALUES ('186', '13719069238', '杭州银隆君亭酒店', '2018-01-26 12:19:02', '2018-01-26 12:19:02');
INSERT INTO `userhistory` VALUES ('187', '15603016542', '杭州凯悦酒店', '2018-01-26 13:05:42', '2018-01-26 13:05:42');
INSERT INTO `userhistory` VALUES ('188', '15603016542', '杭州新延安饭店 ', '2018-01-26 13:05:46', '2018-01-26 13:05:46');
INSERT INTO `userhistory` VALUES ('189', '18218661437', '杭州开元名都大酒店', '2018-01-26 13:11:23', '2018-01-26 13:11:23');
INSERT INTO `userhistory` VALUES ('190', '15603016542', '杭州国大雷迪森广场酒店', '2018-01-26 13:12:28', '2018-01-26 13:12:28');
INSERT INTO `userhistory` VALUES ('191', '15603016542', '杭州湖滨君亭酒店 ', '2018-01-26 13:12:35', '2018-01-26 13:12:35');
INSERT INTO `userhistory` VALUES ('192', '15603016542', '杭州西溪喜来登度假大酒店', '2018-01-26 13:13:04', '2018-01-26 13:13:04');
INSERT INTO `userhistory` VALUES ('193', '15603016542', '杭州开元名都大酒店', '2018-01-26 13:13:20', '2018-01-26 13:13:20');
INSERT INTO `userhistory` VALUES ('194', '15603016542', '浙江百瑞国际大酒店 ', '2018-01-26 13:13:23', '2018-01-26 13:13:23');
INSERT INTO `userhistory` VALUES ('195', '15603016542', '浙江百瑞国际大酒店 ', '2018-01-26 13:13:25', '2018-01-26 13:13:25');
INSERT INTO `userhistory` VALUES ('196', '15603016542', '杭州湖滨君亭酒店 ', '2018-01-26 13:19:09', '2018-01-26 13:19:09');
INSERT INTO `userhistory` VALUES ('197', '15603016542', '杭州西溪喜来登度假大酒店', '2018-01-26 13:21:16', '2018-01-26 13:21:16');
INSERT INTO `userhistory` VALUES ('198', '15603016542', '杭州湖滨君亭酒店 ', '2018-01-26 13:21:20', '2018-01-26 13:21:20');
INSERT INTO `userhistory` VALUES ('199', '15603016542', '杭州国大雷迪森广场酒店', '2018-01-26 13:21:24', '2018-01-26 13:21:24');
INSERT INTO `userhistory` VALUES ('200', '15603016542', '杭州开元名都大酒店', '2018-01-26 13:21:26', '2018-01-26 13:21:26');
INSERT INTO `userhistory` VALUES ('201', '15603016542', '杭州凯悦酒店', '2018-01-26 13:21:30', '2018-01-26 13:21:30');
INSERT INTO `userhistory` VALUES ('202', '15603016542', '浙江百瑞国际大酒店 ', '2018-01-26 13:21:35', '2018-01-26 13:21:35');
INSERT INTO `userhistory` VALUES ('203', '13719069238', '杭州开元名都大酒店', '2018-01-26 13:22:52', '2018-01-26 13:22:52');
INSERT INTO `userhistory` VALUES ('204', '13719069238', '杭州凯悦酒店', '2018-01-26 13:22:53', '2018-01-26 13:22:53');
INSERT INTO `userhistory` VALUES ('205', '13719069238', '杭州凯悦酒店', '2018-01-26 13:22:56', '2018-01-26 13:22:56');
INSERT INTO `userhistory` VALUES ('206', '13719069238', '杭州凯悦酒店', '2018-01-26 13:22:57', '2018-01-26 13:22:57');
INSERT INTO `userhistory` VALUES ('207', '18218661437', '杭州开元名都大酒店', '2018-01-26 13:24:40', '2018-01-26 13:24:40');
INSERT INTO `userhistory` VALUES ('208', '13719069238', '杭州凯悦酒店', '2018-01-26 13:24:49', '2018-01-26 13:24:49');
INSERT INTO `userhistory` VALUES ('209', '13719069238', '杭州西溪悦椿度假酒店', '2018-01-26 13:24:53', '2018-01-26 13:24:53');
INSERT INTO `userhistory` VALUES ('210', '13719069238', '天使恋人情侣酒店(万象城店)', '2018-01-26 13:24:57', '2018-01-26 13:24:57');
INSERT INTO `userhistory` VALUES ('211', '18218661437', '杭州开元名都大酒店', '2018-01-26 13:25:34', '2018-01-26 13:25:34');
INSERT INTO `userhistory` VALUES ('212', '13719069238', '杭州银隆君亭酒店', '2018-01-26 13:26:53', '2018-01-26 13:26:53');
INSERT INTO `userhistory` VALUES ('213', '13719069238', '浙江百瑞国际大酒店 ', '2018-01-26 13:27:47', '2018-01-26 13:27:47');
INSERT INTO `userhistory` VALUES ('214', '13719069238', '杭州开元名都大酒店', '2018-01-26 13:29:13', '2018-01-26 13:29:13');
INSERT INTO `userhistory` VALUES ('215', '13719069238', '杭州开元名都大酒店', '2018-01-26 13:30:16', '2018-01-26 13:30:16');
INSERT INTO `userhistory` VALUES ('216', '15603016542', '杭州国大雷迪森广场酒店', '2018-01-26 13:41:35', '2018-01-26 13:41:35');
INSERT INTO `userhistory` VALUES ('217', '15603016542', '浙江百瑞国际大酒店 ', '2018-01-26 13:41:49', '2018-01-26 13:41:49');
INSERT INTO `userhistory` VALUES ('218', '15603016542', '浙江百瑞国际大酒店 ', '2018-01-26 13:41:58', '2018-01-26 13:41:58');
INSERT INTO `userhistory` VALUES ('219', '15603016542', '浙江百瑞国际大酒店 ', '2018-01-26 13:42:01', '2018-01-26 13:42:01');
INSERT INTO `userhistory` VALUES ('220', '15603016542', '上海同文君亭酒店 ', '2018-01-26 13:48:38', '2018-01-26 13:48:38');
INSERT INTO `userhistory` VALUES ('221', '15603016542', '杭州凯悦酒店', '2018-01-26 13:49:27', '2018-01-26 13:49:27');
INSERT INTO `userhistory` VALUES ('222', '15603016542', '杭州西溪喜来登度假大酒店', '2018-01-26 14:09:27', '2018-01-26 14:09:27');
INSERT INTO `userhistory` VALUES ('223', '15603016542', '杭州开元名都大酒店', '2018-01-26 14:09:31', '2018-01-26 14:09:31');
INSERT INTO `userhistory` VALUES ('224', '18218661437', '杭州开元名都大酒店', '2018-01-26 14:12:48', '2018-01-26 14:12:48');
INSERT INTO `userhistory` VALUES ('225', '15603016542', '杭州开元名都大酒店', '2018-01-26 14:14:09', '2018-01-26 14:14:09');
INSERT INTO `userhistory` VALUES ('226', '15603016542', '杭州凯悦酒店', '2018-01-26 14:15:29', '2018-01-26 14:15:29');
INSERT INTO `userhistory` VALUES ('227', '15603016542', '杭州凯悦酒店', '2018-01-26 14:15:57', '2018-01-26 14:15:57');
INSERT INTO `userhistory` VALUES ('228', '15603016542', '杭州凯悦酒店', '2018-01-26 14:16:56', '2018-01-26 14:16:56');
INSERT INTO `userhistory` VALUES ('229', '15603016542', '杭州湖滨君亭酒店 ', '2018-01-26 14:17:55', '2018-01-26 14:17:55');
INSERT INTO `userhistory` VALUES ('230', '15603016542', '杭州湖滨君亭酒店 ', '2018-01-26 14:19:02', '2018-01-26 14:19:02');
INSERT INTO `userhistory` VALUES ('231', '15603016542', '杭州湖滨君亭酒店 ', '2018-01-26 14:19:13', '2018-01-26 14:19:13');
INSERT INTO `userhistory` VALUES ('232', '15603016542', '杭州湖滨君亭酒店 ', '2018-01-26 14:19:13', '2018-01-26 14:19:13');
INSERT INTO `userhistory` VALUES ('233', '13412341234', '杭州开元名都大酒店', '2018-01-26 14:21:51', '2018-01-26 14:21:51');
INSERT INTO `userhistory` VALUES ('234', '15603016542', '杭州开元名都大酒店', '2018-01-26 14:44:22', '2018-01-26 14:44:22');
INSERT INTO `userhistory` VALUES ('235', '13211111111', '杭州开元名都大酒店', '2018-01-26 14:50:15', '2018-01-26 14:50:15');
INSERT INTO `userhistory` VALUES ('236', '13211111111', '杭州开元名都大酒店', '2018-01-26 14:50:34', '2018-01-26 14:50:34');
INSERT INTO `userhistory` VALUES ('237', '13211111111', '杭州开元名都大酒店', '2018-01-26 14:51:48', '2018-01-26 14:51:48');
INSERT INTO `userhistory` VALUES ('238', '15603016541', '杭州开元名都大酒店', '2018-01-26 14:52:16', '2018-01-26 14:52:16');
INSERT INTO `userhistory` VALUES ('239', '13211111111', '杭州开元名都大酒店', '2018-01-26 14:55:24', '2018-01-26 14:55:24');
INSERT INTO `userhistory` VALUES ('240', '15603016541', '浙江百瑞国际大酒店 ', '2018-01-26 15:58:01', '2018-01-26 15:58:01');
INSERT INTO `userhistory` VALUES ('241', '15603016541', '杭州开元名都大酒店', '2018-01-26 16:07:53', '2018-01-26 16:07:53');
INSERT INTO `userhistory` VALUES ('242', '15603016542', '杭州凯悦酒店', '2018-01-26 17:48:14', '2018-01-26 17:48:14');
INSERT INTO `userhistory` VALUES ('243', '15603016542', '浙江百瑞国际大酒店 ', '2018-01-26 17:58:12', '2018-01-26 17:58:12');
INSERT INTO `userhistory` VALUES ('244', '15603016542', '杭州开元名都大酒店', '2018-01-26 17:58:16', '2018-01-26 17:58:16');
INSERT INTO `userhistory` VALUES ('245', '15603016542', '杭州开元名都大酒店', '2018-01-26 17:58:18', '2018-01-26 17:58:18');
INSERT INTO `userhistory` VALUES ('246', '15603016542', '杭州湖滨君亭酒店 ', '2018-01-26 17:58:20', '2018-01-26 17:58:20');
INSERT INTO `userhistory` VALUES ('247', '15603016542', '杭州湖滨君亭酒店 ', '2018-01-26 17:58:22', '2018-01-26 17:58:22');
INSERT INTO `userhistory` VALUES ('248', '15603016542', '杭州湖滨君亭酒店 ', '2018-01-26 17:58:25', '2018-01-26 17:58:25');
INSERT INTO `userhistory` VALUES ('249', '15603016542', '杭州开元名都大酒店', '2018-01-26 17:58:54', '2018-01-26 17:58:54');
INSERT INTO `userhistory` VALUES ('250', '15603016542', '杭州凯悦酒店', '2018-01-26 17:58:59', '2018-01-26 17:58:59');
INSERT INTO `userhistory` VALUES ('251', '15603016542', '杭州凯悦酒店', '2018-01-26 17:59:26', '2018-01-26 17:59:26');
INSERT INTO `userhistory` VALUES ('252', '15603016542', '天使恋人情侣酒店(万象城店)', '2018-01-26 17:59:30', '2018-01-26 17:59:30');
INSERT INTO `userhistory` VALUES ('253', '15603016542', '杭州西溪悦椿度假酒店', '2018-01-26 18:56:34', '2018-01-26 18:56:34');
INSERT INTO `userhistory` VALUES ('254', '15603016542', '杭州西溪悦椿度假酒店', '2018-01-26 18:56:38', '2018-01-26 18:56:38');
INSERT INTO `userhistory` VALUES ('255', '15603016542', '杭州西溪悦椿度假酒店', '2018-01-26 18:56:45', '2018-01-26 18:56:45');
INSERT INTO `userhistory` VALUES ('256', '15603016542', '杭州西溪悦椿度假酒店', '2018-01-26 18:56:47', '2018-01-26 18:56:47');
INSERT INTO `userhistory` VALUES ('257', '15603016542', '杭州开元名都大酒店', '2018-01-26 18:58:00', '2018-01-26 18:58:00');
INSERT INTO `userhistory` VALUES ('258', '15603016542', '杭州开元名都大酒店', '2018-01-26 18:58:08', '2018-01-26 18:58:08');
INSERT INTO `userhistory` VALUES ('259', '15603016542', '杭州开元名都大酒店', '2018-01-26 18:59:40', '2018-01-26 18:59:40');
INSERT INTO `userhistory` VALUES ('260', '15603016542', '杭州开元名都大酒店', '2018-01-26 19:02:19', '2018-01-26 19:02:19');
INSERT INTO `userhistory` VALUES ('261', '15603016542', '杭州开元名都大酒店', '2018-01-26 19:02:40', '2018-01-26 19:02:40');
INSERT INTO `userhistory` VALUES ('262', '15603016542', '杭州开元名都大酒店', '2018-01-26 19:02:44', '2018-01-26 19:02:44');
INSERT INTO `userhistory` VALUES ('263', '15603016542', '浙江百瑞国际大酒店 ', '2018-01-26 19:05:39', '2018-01-26 19:05:39');
INSERT INTO `userhistory` VALUES ('264', '15603016542', '杭州凯悦酒店', '2018-01-26 19:10:40', '2018-01-26 19:10:40');
INSERT INTO `userhistory` VALUES ('265', '15603016542', '杭州开元名都大酒店', '2018-01-26 19:11:07', '2018-01-26 19:11:07');
INSERT INTO `userhistory` VALUES ('266', '15603016542', '杭州凯悦酒店', '2018-01-26 19:11:17', '2018-01-26 19:11:17');
INSERT INTO `userhistory` VALUES ('267', '15603016542', '杭州国大雷迪森广场酒店', '2018-01-26 19:16:02', '2018-01-26 19:16:02');
INSERT INTO `userhistory` VALUES ('268', '15603016542', '杭州国大雷迪森广场酒店', '2018-01-26 19:16:06', '2018-01-26 19:16:06');
INSERT INTO `userhistory` VALUES ('269', '15603016542', '杭州国大雷迪森广场酒店', '2018-01-26 19:19:17', '2018-01-26 19:19:17');
INSERT INTO `userhistory` VALUES ('270', '15603016542', '杭州凯悦酒店', '2018-01-26 19:32:44', '2018-01-26 19:32:44');
INSERT INTO `userhistory` VALUES ('271', '15603016542', '杭州凯悦酒店', '2018-01-26 19:53:16', '2018-01-26 19:53:16');
INSERT INTO `userhistory` VALUES ('272', '15603016542', '杭州凯悦酒店', '2018-01-26 19:53:28', '2018-01-26 19:53:28');
INSERT INTO `userhistory` VALUES ('273', '15603016542', '杭州凯悦酒店', '2018-01-26 19:53:36', '2018-01-26 19:53:36');
INSERT INTO `userhistory` VALUES ('274', '15603016542', '杭州凯悦酒店', '2018-01-26 19:53:42', '2018-01-26 19:53:42');
INSERT INTO `userhistory` VALUES ('275', '15603016542', '杭州凯悦酒店', '2018-01-26 19:53:44', '2018-01-26 19:53:44');
INSERT INTO `userhistory` VALUES ('276', '15603016542', '杭州凯悦酒店', '2018-01-26 19:54:06', '2018-01-26 19:54:06');
INSERT INTO `userhistory` VALUES ('277', '15603016542', '上海同文君亭酒店 ', '2018-01-26 19:54:24', '2018-01-26 19:54:24');
INSERT INTO `userhistory` VALUES ('278', '15603016542', '浙江百瑞国际大酒店 ', '2018-01-27 09:32:17', '2018-01-27 09:32:17');
INSERT INTO `userhistory` VALUES ('279', '15603016542', '浙江百瑞国际大酒店 ', '2018-01-27 09:32:22', '2018-01-27 09:32:22');
INSERT INTO `userhistory` VALUES ('280', '15603016542', '杭州开元名都大酒店', '2018-01-27 09:32:26', '2018-01-27 09:32:26');
INSERT INTO `userhistory` VALUES ('281', '15603016542', '杭州开元名都大酒店', '2018-01-27 09:33:34', '2018-01-27 09:33:34');
INSERT INTO `userhistory` VALUES ('282', '15603016542', '杭州开元名都大酒店', '2018-01-27 09:33:39', '2018-01-27 09:33:39');
INSERT INTO `userhistory` VALUES ('283', '15603016542', '杭州开元名都大酒店', '2018-01-27 09:36:29', '2018-01-27 09:36:29');
INSERT INTO `userhistory` VALUES ('284', '15603016542', '杭州开元名都大酒店', '2018-01-27 09:39:08', '2018-01-27 09:39:08');
INSERT INTO `userhistory` VALUES ('285', '15603016542', '杭州开元名都大酒店', '2018-01-27 09:39:21', '2018-01-27 09:39:21');
INSERT INTO `userhistory` VALUES ('286', '15603016542', '杭州开元名都大酒店', '2018-01-27 09:39:22', '2018-01-27 09:39:22');
INSERT INTO `userhistory` VALUES ('287', '15603016542', '杭州开元名都大酒店', '2018-01-27 09:42:35', '2018-01-27 09:42:35');
INSERT INTO `userhistory` VALUES ('288', '15603016542', '杭州开元名都大酒店', '2018-01-27 09:42:36', '2018-01-27 09:42:36');
INSERT INTO `userhistory` VALUES ('289', '15603016542', '杭州开元名都大酒店', '2018-01-27 09:42:53', '2018-01-27 09:42:53');
INSERT INTO `userhistory` VALUES ('290', '15603016542', '杭州凯悦酒店', '2018-01-27 09:43:04', '2018-01-27 09:43:04');
INSERT INTO `userhistory` VALUES ('291', '15603016542', '浙江百瑞国际大酒店 ', '2018-01-27 09:43:13', '2018-01-27 09:43:13');
INSERT INTO `userhistory` VALUES ('292', '15603016542', '浙江百瑞国际大酒店 ', '2018-01-27 09:43:26', '2018-01-27 09:43:26');
INSERT INTO `userhistory` VALUES ('293', '15603016542', '杭州凯悦酒店', '2018-01-27 09:43:30', '2018-01-27 09:43:30');
INSERT INTO `userhistory` VALUES ('294', '15603016542', '杭州凯悦酒店', '2018-01-27 09:43:41', '2018-01-27 09:43:41');
INSERT INTO `userhistory` VALUES ('295', '15603016542', '杭州凯悦酒店', '2018-01-27 09:43:55', '2018-01-27 09:43:55');
INSERT INTO `userhistory` VALUES ('296', '15603016542', '杭州凯悦酒店', '2018-01-27 09:44:01', '2018-01-27 09:44:01');
INSERT INTO `userhistory` VALUES ('297', '15603016542', '杭州凯悦酒店', '2018-01-27 09:47:07', '2018-01-27 09:47:07');
INSERT INTO `userhistory` VALUES ('298', '15603016542', '杭州凯悦酒店', '2018-01-27 09:47:27', '2018-01-27 09:47:27');
INSERT INTO `userhistory` VALUES ('299', '15603016542', '杭州凯悦酒店', '2018-01-27 09:48:39', '2018-01-27 09:48:39');
INSERT INTO `userhistory` VALUES ('300', '15603016542', '杭州凯悦酒店', '2018-01-27 09:49:07', '2018-01-27 09:49:07');
INSERT INTO `userhistory` VALUES ('301', '15603016542', '杭州凯悦酒店', '2018-01-27 09:49:42', '2018-01-27 09:49:42');
INSERT INTO `userhistory` VALUES ('302', '15603016542', '杭州凯悦酒店', '2018-01-27 09:49:44', '2018-01-27 09:49:44');
INSERT INTO `userhistory` VALUES ('303', '15603016542', '杭州凯悦酒店', '2018-01-27 09:51:07', '2018-01-27 09:51:07');
INSERT INTO `userhistory` VALUES ('304', '15603016542', '杭州凯悦酒店', '2018-01-27 09:51:18', '2018-01-27 09:51:18');
INSERT INTO `userhistory` VALUES ('305', '15603016542', '杭州凯悦酒店', '2018-01-27 09:51:31', '2018-01-27 09:51:31');
INSERT INTO `userhistory` VALUES ('306', '15603016542', '杭州凯悦酒店', '2018-01-27 09:51:35', '2018-01-27 09:51:35');
INSERT INTO `userhistory` VALUES ('307', '15603016542', '杭州凯悦酒店', '2018-01-27 09:51:44', '2018-01-27 09:51:44');
INSERT INTO `userhistory` VALUES ('308', '15603016542', '杭州凯悦酒店', '2018-01-27 09:56:07', '2018-01-27 09:56:07');
INSERT INTO `userhistory` VALUES ('309', '15603016542', '杭州凯悦酒店', '2018-01-27 09:56:08', '2018-01-27 09:56:08');
INSERT INTO `userhistory` VALUES ('310', '15603016542', '杭州凯悦酒店', '2018-01-27 09:56:10', '2018-01-27 09:56:10');
INSERT INTO `userhistory` VALUES ('311', '15603016542', '杭州凯悦酒店', '2018-01-27 09:57:59', '2018-01-27 09:57:59');
INSERT INTO `userhistory` VALUES ('312', '15603016542', '杭州凯悦酒店', '2018-01-27 09:58:00', '2018-01-27 09:58:00');
INSERT INTO `userhistory` VALUES ('313', '15603016542', '杭州凯悦酒店', '2018-01-27 09:58:48', '2018-01-27 09:58:48');
INSERT INTO `userhistory` VALUES ('314', '15603016542', '杭州凯悦酒店', '2018-01-27 09:58:55', '2018-01-27 09:58:55');
INSERT INTO `userhistory` VALUES ('315', '15603016542', '杭州凯悦酒店', '2018-01-27 10:01:05', '2018-01-27 10:01:05');
INSERT INTO `userhistory` VALUES ('316', '15603016542', '杭州凯悦酒店', '2018-01-27 10:03:31', '2018-01-27 10:03:31');
INSERT INTO `userhistory` VALUES ('317', '15603016542', '杭州凯悦酒店', '2018-01-27 10:04:32', '2018-01-27 10:04:32');
INSERT INTO `userhistory` VALUES ('318', '15603016542', '杭州凯悦酒店', '2018-01-27 10:13:16', '2018-01-27 10:13:16');
INSERT INTO `userhistory` VALUES ('319', '15603016542', '杭州凯悦酒店', '2018-01-27 10:16:38', '2018-01-27 10:16:38');
INSERT INTO `userhistory` VALUES ('320', '15603016542', '杭州凯悦酒店', '2018-01-27 10:16:39', '2018-01-27 10:16:39');
INSERT INTO `userhistory` VALUES ('321', '15603016542', '杭州凯悦酒店', '2018-01-27 10:18:10', '2018-01-27 10:18:10');
INSERT INTO `userhistory` VALUES ('322', '15603016542', '杭州凯悦酒店', '2018-01-27 10:19:25', '2018-01-27 10:19:25');
INSERT INTO `userhistory` VALUES ('323', '15603016542', '杭州凯悦酒店', '2018-01-27 10:20:28', '2018-01-27 10:20:28');
INSERT INTO `userhistory` VALUES ('324', '15603016542', '杭州凯悦酒店', '2018-01-27 10:20:29', '2018-01-27 10:20:29');
INSERT INTO `userhistory` VALUES ('325', '15603016542', '杭州凯悦酒店', '2018-01-27 10:22:46', '2018-01-27 10:22:46');
INSERT INTO `userhistory` VALUES ('326', '15603016542', '杭州凯悦酒店', '2018-01-27 10:26:47', '2018-01-27 10:26:47');
INSERT INTO `userhistory` VALUES ('327', '15603016542', '杭州凯悦酒店', '2018-01-27 10:30:05', '2018-01-27 10:30:05');
INSERT INTO `userhistory` VALUES ('328', '15603016542', '杭州凯悦酒店', '2018-01-27 10:30:40', '2018-01-27 10:30:40');
INSERT INTO `userhistory` VALUES ('329', '15603016542', '杭州凯悦酒店', '2018-01-27 10:33:08', '2018-01-27 10:33:08');
INSERT INTO `userhistory` VALUES ('330', '15603016542', '杭州凯悦酒店', '2018-01-27 10:33:10', '2018-01-27 10:33:10');
INSERT INTO `userhistory` VALUES ('331', '15603016542', '杭州凯悦酒店', '2018-01-27 10:34:51', '2018-01-27 10:34:51');
INSERT INTO `userhistory` VALUES ('332', '15603016542', '杭州凯悦酒店', '2018-01-27 10:40:22', '2018-01-27 10:40:22');
INSERT INTO `userhistory` VALUES ('333', '15603016542', '杭州凯悦酒店', '2018-01-27 10:42:51', '2018-01-27 10:42:51');
INSERT INTO `userhistory` VALUES ('334', '15603016542', '杭州凯悦酒店', '2018-01-27 10:43:43', '2018-01-27 10:43:43');
INSERT INTO `userhistory` VALUES ('335', '15603016542', '杭州凯悦酒店', '2018-01-27 10:44:21', '2018-01-27 10:44:21');
INSERT INTO `userhistory` VALUES ('336', '15603016542', '杭州凯悦酒店', '2018-01-27 10:44:23', '2018-01-27 10:44:23');
INSERT INTO `userhistory` VALUES ('337', '15603016542', '杭州凯悦酒店', '2018-01-27 10:44:59', '2018-01-27 10:44:59');
INSERT INTO `userhistory` VALUES ('338', '15603016542', '杭州凯悦酒店', '2018-01-27 10:45:01', '2018-01-27 10:45:01');
INSERT INTO `userhistory` VALUES ('339', '15603016542', '杭州凯悦酒店', '2018-01-27 10:45:22', '2018-01-27 10:45:22');
INSERT INTO `userhistory` VALUES ('340', '15603016542', '杭州凯悦酒店', '2018-01-27 10:45:46', '2018-01-27 10:45:46');
INSERT INTO `userhistory` VALUES ('341', '15603016542', '杭州凯悦酒店', '2018-01-27 10:46:06', '2018-01-27 10:46:06');
INSERT INTO `userhistory` VALUES ('342', '15603016542', '杭州凯悦酒店', '2018-01-27 10:46:10', '2018-01-27 10:46:10');
INSERT INTO `userhistory` VALUES ('343', '15603016542', '杭州凯悦酒店', '2018-01-27 10:49:04', '2018-01-27 10:49:04');
INSERT INTO `userhistory` VALUES ('344', '15603016542', '杭州凯悦酒店', '2018-01-27 10:49:07', '2018-01-27 10:49:07');
INSERT INTO `userhistory` VALUES ('345', '15603016542', '杭州凯悦酒店', '2018-01-27 10:50:39', '2018-01-27 10:50:39');
INSERT INTO `userhistory` VALUES ('346', '15603016542', '杭州凯悦酒店', '2018-01-27 10:50:54', '2018-01-27 10:50:54');
INSERT INTO `userhistory` VALUES ('347', '15603016542', '杭州凯悦酒店', '2018-01-27 10:50:59', '2018-01-27 10:50:59');
INSERT INTO `userhistory` VALUES ('348', '15603016542', '杭州凯悦酒店', '2018-01-27 10:51:47', '2018-01-27 10:51:47');
INSERT INTO `userhistory` VALUES ('349', '15603016542', '杭州凯悦酒店', '2018-01-27 10:51:49', '2018-01-27 10:51:49');
INSERT INTO `userhistory` VALUES ('350', '15603016542', '杭州凯悦酒店', '2018-01-27 10:54:48', '2018-01-27 10:54:48');
INSERT INTO `userhistory` VALUES ('351', '15603016542', '杭州凯悦酒店', '2018-01-27 10:54:50', '2018-01-27 10:54:50');
INSERT INTO `userhistory` VALUES ('352', '15603016542', '杭州凯悦酒店', '2018-01-27 10:57:06', '2018-01-27 10:57:06');
INSERT INTO `userhistory` VALUES ('353', '15603016542', '杭州凯悦酒店', '2018-01-27 10:57:10', '2018-01-27 10:57:10');
INSERT INTO `userhistory` VALUES ('354', '15603016542', '杭州凯悦酒店', '2018-01-27 10:57:11', '2018-01-27 10:57:11');
INSERT INTO `userhistory` VALUES ('355', '15603016542', '杭州凯悦酒店', '2018-01-27 10:58:50', '2018-01-27 10:58:50');
INSERT INTO `userhistory` VALUES ('356', '15603016542', '杭州凯悦酒店', '2018-01-27 10:58:52', '2018-01-27 10:58:52');
INSERT INTO `userhistory` VALUES ('357', '15603016542', '杭州凯悦酒店', '2018-01-27 11:03:51', '2018-01-27 11:03:51');
INSERT INTO `userhistory` VALUES ('358', '15603016542', '杭州凯悦酒店', '2018-01-27 11:05:45', '2018-01-27 11:05:45');
INSERT INTO `userhistory` VALUES ('359', '15603016542', '杭州凯悦酒店', '2018-01-27 11:06:39', '2018-01-27 11:06:39');
INSERT INTO `userhistory` VALUES ('360', '15603016542', '杭州凯悦酒店', '2018-01-27 11:06:56', '2018-01-27 11:06:56');
INSERT INTO `userhistory` VALUES ('361', '15603016542', '杭州凯悦酒店', '2018-01-27 11:06:57', '2018-01-27 11:06:57');
INSERT INTO `userhistory` VALUES ('362', '15603016542', '杭州凯悦酒店', '2018-01-27 11:07:25', '2018-01-27 11:07:25');
INSERT INTO `userhistory` VALUES ('363', '15603016542', '杭州凯悦酒店', '2018-01-27 11:08:22', '2018-01-27 11:08:22');
INSERT INTO `userhistory` VALUES ('364', '15603016542', '杭州凯悦酒店', '2018-01-27 11:09:48', '2018-01-27 11:09:48');
INSERT INTO `userhistory` VALUES ('365', '15603016542', '杭州凯悦酒店', '2018-01-27 11:09:51', '2018-01-27 11:09:51');
INSERT INTO `userhistory` VALUES ('366', '15603016542', '杭州凯悦酒店', '2018-01-27 11:09:52', '2018-01-27 11:09:52');
INSERT INTO `userhistory` VALUES ('367', '15603016542', '杭州凯悦酒店', '2018-01-27 11:16:04', '2018-01-27 11:16:04');
INSERT INTO `userhistory` VALUES ('368', '15603016542', '杭州凯悦酒店', '2018-01-27 11:19:52', '2018-01-27 11:19:52');
INSERT INTO `userhistory` VALUES ('369', '15603016542', '杭州凯悦酒店', '2018-01-27 11:20:54', '2018-01-27 11:20:54');
INSERT INTO `userhistory` VALUES ('370', '15603016542', '杭州凯悦酒店', '2018-01-27 11:20:59', '2018-01-27 11:20:59');
INSERT INTO `userhistory` VALUES ('371', '15603016542', '杭州凯悦酒店', '2018-01-27 11:21:01', '2018-01-27 11:21:01');
INSERT INTO `userhistory` VALUES ('372', '15603016542', '杭州凯悦酒店', '2018-01-27 11:21:03', '2018-01-27 11:21:03');
INSERT INTO `userhistory` VALUES ('373', '15603016542', '杭州凯悦酒店', '2018-01-27 11:21:24', '2018-01-27 11:21:24');
INSERT INTO `userhistory` VALUES ('374', '15603016542', '杭州凯悦酒店', '2018-01-27 11:21:34', '2018-01-27 11:21:34');
INSERT INTO `userhistory` VALUES ('375', '15603016542', '杭州凯悦酒店', '2018-01-27 11:21:36', '2018-01-27 11:21:36');
INSERT INTO `userhistory` VALUES ('376', '15603016542', '杭州凯悦酒店', '2018-01-27 11:22:13', '2018-01-27 11:22:13');
INSERT INTO `userhistory` VALUES ('377', '15603016542', '杭州凯悦酒店', '2018-01-27 11:22:14', '2018-01-27 11:22:14');
INSERT INTO `userhistory` VALUES ('378', '15603016542', '杭州凯悦酒店', '2018-01-27 11:22:30', '2018-01-27 11:22:30');
INSERT INTO `userhistory` VALUES ('379', '15603016542', '杭州开元名都大酒店', '2018-01-27 11:22:34', '2018-01-27 11:22:34');
INSERT INTO `userhistory` VALUES ('380', '15603016542', '杭州开元名都大酒店', '2018-01-27 11:23:03', '2018-01-27 11:23:03');
INSERT INTO `userhistory` VALUES ('381', '15603016542', '杭州开元名都大酒店', '2018-01-27 11:23:05', '2018-01-27 11:23:05');
INSERT INTO `userhistory` VALUES ('382', '15603016542', '杭州开元名都大酒店', '2018-01-27 11:23:25', '2018-01-27 11:23:25');
INSERT INTO `userhistory` VALUES ('383', '15603016542', '杭州开元名都大酒店', '2018-01-27 11:23:45', '2018-01-27 11:23:45');
INSERT INTO `userhistory` VALUES ('384', '15603016542', '杭州开元名都大酒店', '2018-01-27 11:23:55', '2018-01-27 11:23:55');
INSERT INTO `userhistory` VALUES ('385', '15603016542', '杭州凯悦酒店', '2018-01-27 11:25:15', '2018-01-27 11:25:15');
INSERT INTO `userhistory` VALUES ('386', '15603016542', '杭州凯悦酒店', '2018-01-27 11:27:17', '2018-01-27 11:27:17');
INSERT INTO `userhistory` VALUES ('387', '15603016542', '杭州凯悦酒店', '2018-01-27 11:29:04', '2018-01-27 11:29:04');
INSERT INTO `userhistory` VALUES ('388', '15603016542', '杭州凯悦酒店', '2018-01-27 11:34:24', '2018-01-27 11:34:24');
INSERT INTO `userhistory` VALUES ('389', '15603016542', '杭州凯悦酒店', '2018-01-27 11:34:28', '2018-01-27 11:34:28');
INSERT INTO `userhistory` VALUES ('390', '15603016542', '杭州凯悦酒店', '2018-01-27 11:39:05', '2018-01-27 11:39:05');
INSERT INTO `userhistory` VALUES ('391', '15603016542', '杭州凯悦酒店', '2018-01-27 11:47:08', '2018-01-27 11:47:08');
INSERT INTO `userhistory` VALUES ('392', '15603016542', '杭州凯悦酒店', '2018-01-27 11:47:11', '2018-01-27 11:47:11');
INSERT INTO `userhistory` VALUES ('393', '15603016542', '杭州凯悦酒店', '2018-01-27 11:51:17', '2018-01-27 11:51:17');
INSERT INTO `userhistory` VALUES ('394', '15603016542', '杭州凯悦酒店', '2018-01-27 11:51:20', '2018-01-27 11:51:20');
INSERT INTO `userhistory` VALUES ('395', '15603016542', '杭州凯悦酒店', '2018-01-27 11:52:01', '2018-01-27 11:52:01');
INSERT INTO `userhistory` VALUES ('396', '15603016542', '杭州凯悦酒店', '2018-01-27 11:55:35', '2018-01-27 11:55:35');
INSERT INTO `userhistory` VALUES ('397', '15603016542', '杭州凯悦酒店', '2018-01-27 11:57:59', '2018-01-27 11:57:59');
INSERT INTO `userhistory` VALUES ('398', '15603016542', '杭州凯悦酒店', '2018-01-27 11:58:01', '2018-01-27 11:58:01');
INSERT INTO `userhistory` VALUES ('399', '15603016542', '杭州凯悦酒店', '2018-01-27 12:02:52', '2018-01-27 12:02:52');
INSERT INTO `userhistory` VALUES ('400', '15603016542', '杭州凯悦酒店', '2018-01-27 12:04:22', '2018-01-27 12:04:22');
INSERT INTO `userhistory` VALUES ('401', '18565478426', '杭州湖滨君亭酒店 ', '2018-01-27 13:45:02', '2018-01-27 13:45:02');
INSERT INTO `userhistory` VALUES ('402', '18565478426', '杭州湖滨君亭酒店 ', '2018-01-27 13:45:09', '2018-01-27 13:45:09');
INSERT INTO `userhistory` VALUES ('403', '18565478426', '杭州湖滨君亭酒店 ', '2018-01-27 13:45:13', '2018-01-27 13:45:13');
INSERT INTO `userhistory` VALUES ('404', '18565478426', '杭州开元名都大酒店', '2018-01-27 13:50:15', '2018-01-27 13:50:15');
INSERT INTO `userhistory` VALUES ('405', '18565478426', '杭州开元名都大酒店', '2018-01-27 13:50:20', '2018-01-27 13:50:20');
INSERT INTO `userhistory` VALUES ('406', '15603016541', '杭州开元名都大酒店', '2018-01-27 14:02:11', '2018-01-27 14:02:11');
INSERT INTO `userhistory` VALUES ('407', '15603016541', '杭州开元名都大酒店', '2018-01-27 14:02:15', '2018-01-27 14:02:15');
INSERT INTO `userhistory` VALUES ('408', '15603016541', '杭州开元名都大酒店', '2018-01-27 14:03:02', '2018-01-27 14:03:02');
INSERT INTO `userhistory` VALUES ('409', '15603016541', '杭州湖滨君亭酒店 ', '2018-01-27 14:05:37', '2018-01-27 14:05:37');
INSERT INTO `userhistory` VALUES ('410', '18211672566', '杭州开元名都大酒店', '2018-01-27 14:18:48', '2018-01-27 14:18:48');
INSERT INTO `userhistory` VALUES ('411', '18211672566', '杭州凯悦酒店', '2018-01-27 14:19:12', '2018-01-27 14:19:12');
INSERT INTO `userhistory` VALUES ('412', '18211672566', '杭州开元名都大酒店', '2018-01-27 14:20:03', '2018-01-27 14:20:03');
INSERT INTO `userhistory` VALUES ('413', '18211672566', '浙江百瑞国际大酒店 ', '2018-01-27 14:20:19', '2018-01-27 14:20:19');
INSERT INTO `userhistory` VALUES ('414', '18211672566', '浙江百瑞国际大酒店 ', '2018-01-27 14:20:25', '2018-01-27 14:20:25');
INSERT INTO `userhistory` VALUES ('415', '18211672566', '浙江百瑞国际大酒店 ', '2018-01-27 14:20:31', '2018-01-27 14:20:31');
INSERT INTO `userhistory` VALUES ('416', '18211672566', '杭州凯悦酒店', '2018-01-27 14:20:35', '2018-01-27 14:20:35');
INSERT INTO `userhistory` VALUES ('417', '18211672566', '杭州凯悦酒店', '2018-01-27 14:20:37', '2018-01-27 14:20:37');
INSERT INTO `userhistory` VALUES ('418', '18211672566', '杭州凯悦酒店', '2018-01-27 14:20:45', '2018-01-27 14:20:45');
INSERT INTO `userhistory` VALUES ('419', '18211672566', '杭州凯悦酒店', '2018-01-27 14:25:48', '2018-01-27 14:25:48');
INSERT INTO `userhistory` VALUES ('420', '18211672566', '杭州凯悦酒店', '2018-01-27 14:25:59', '2018-01-27 14:25:59');
INSERT INTO `userhistory` VALUES ('421', '18211672566', '杭州凯悦酒店', '2018-01-27 14:27:05', '2018-01-27 14:27:05');
INSERT INTO `userhistory` VALUES ('422', '18211672566', '杭州凯悦酒店', '2018-01-27 14:27:51', '2018-01-27 14:27:51');
INSERT INTO `userhistory` VALUES ('423', '18211672566', '杭州开元名都大酒店', '2018-01-27 14:28:04', '2018-01-27 14:28:04');
INSERT INTO `userhistory` VALUES ('424', '18211672566', '杭州湖滨君亭酒店 ', '2018-01-27 14:28:07', '2018-01-27 14:28:07');
INSERT INTO `userhistory` VALUES ('425', '18211672566', '杭州湖滨君亭酒店 ', '2018-01-27 14:28:21', '2018-01-27 14:28:21');
INSERT INTO `userhistory` VALUES ('426', '18211672566', '杭州凯悦酒店', '2018-01-27 14:28:30', '2018-01-27 14:28:30');
INSERT INTO `userhistory` VALUES ('427', '18211672566', '杭州凯悦酒店', '2018-01-27 14:28:45', '2018-01-27 14:28:45');
INSERT INTO `userhistory` VALUES ('428', '18211672566', '杭州凯悦酒店', '2018-01-27 14:28:59', '2018-01-27 14:28:59');
INSERT INTO `userhistory` VALUES ('429', '18211672566', '杭州凯悦酒店', '2018-01-27 14:32:33', '2018-01-27 14:32:33');
INSERT INTO `userhistory` VALUES ('430', '18211672566', '杭州凯悦酒店', '2018-01-27 14:33:10', '2018-01-27 14:33:10');
INSERT INTO `userhistory` VALUES ('431', '18211672566', '杭州湖滨君亭酒店 ', '2018-01-27 14:37:31', '2018-01-27 14:37:31');
INSERT INTO `userhistory` VALUES ('432', '18211672566', '杭州湖滨君亭酒店 ', '2018-01-27 14:38:29', '2018-01-27 14:38:29');
INSERT INTO `userhistory` VALUES ('433', '18211672566', '杭州凯悦酒店', '2018-01-27 14:42:59', '2018-01-27 14:42:59');
INSERT INTO `userhistory` VALUES ('434', '18211672566', '杭州凯悦酒店', '2018-01-27 14:43:08', '2018-01-27 14:43:08');
INSERT INTO `userhistory` VALUES ('435', '18211672566', '浙江百瑞国际大酒店 ', '2018-01-27 14:43:15', '2018-01-27 14:43:15');
INSERT INTO `userhistory` VALUES ('436', '18211672566', '杭州开元名都大酒店', '2018-01-27 14:49:55', '2018-01-27 14:49:55');
INSERT INTO `userhistory` VALUES ('437', '18211672566', '杭州开元名都大酒店', '2018-01-27 14:49:59', '2018-01-27 14:49:59');
INSERT INTO `userhistory` VALUES ('438', '18211672566', '杭州开元名都大酒店', '2018-01-27 14:50:05', '2018-01-27 14:50:05');
INSERT INTO `userhistory` VALUES ('439', '15603016541', '浙江百瑞国际大酒店 ', '2018-01-27 14:58:43', '2018-01-27 14:58:43');
INSERT INTO `userhistory` VALUES ('440', '15603016541', '杭州开元名都大酒店', '2018-01-27 15:06:18', '2018-01-27 15:06:18');
INSERT INTO `userhistory` VALUES ('441', '15603016541', '杭州开元名都大酒店', '2018-01-27 15:06:22', '2018-01-27 15:06:22');
INSERT INTO `userhistory` VALUES ('442', '15603016541', '杭州开元名都大酒店', '2018-01-27 15:06:25', '2018-01-27 15:06:25');
INSERT INTO `userhistory` VALUES ('443', '18565478426', '浙江百瑞国际大酒店 ', '2018-01-27 15:08:37', '2018-01-27 15:08:37');
INSERT INTO `userhistory` VALUES ('444', '15603016541', '杭州开元名都大酒店', '2018-01-27 15:09:51', '2018-01-27 15:09:51');
INSERT INTO `userhistory` VALUES ('445', '18565478426', '杭州开元名都大酒店', '2018-01-27 15:19:43', '2018-01-27 15:19:43');
INSERT INTO `userhistory` VALUES ('446', '18565478426', '杭州湖滨君亭酒店 ', '2018-01-27 15:19:54', '2018-01-27 15:19:54');
INSERT INTO `userhistory` VALUES ('447', '18565478426', '杭州开元名都大酒店', '2018-01-27 15:21:21', '2018-01-27 15:21:21');
INSERT INTO `userhistory` VALUES ('448', '18565478426', '杭州开元名都大酒店', '2018-01-27 15:21:27', '2018-01-27 15:21:27');
INSERT INTO `userhistory` VALUES ('449', '18565478426', '杭州开元名都大酒店', '2018-01-27 15:23:05', '2018-01-27 15:23:05');
INSERT INTO `userhistory` VALUES ('450', '18565478426', '杭州湖滨君亭酒店 ', '2018-01-27 15:23:26', '2018-01-27 15:23:26');
INSERT INTO `userhistory` VALUES ('451', '18565478426', '浙江百瑞国际大酒店 ', '2018-01-27 15:24:14', '2018-01-27 15:24:14');
INSERT INTO `userhistory` VALUES ('452', '18565478426', '浙江百瑞国际大酒店 ', '2018-01-27 15:24:30', '2018-01-27 15:24:30');
INSERT INTO `userhistory` VALUES ('453', '18565478426', '杭州开元名都大酒店', '2018-01-27 15:24:44', '2018-01-27 15:24:44');
INSERT INTO `userhistory` VALUES ('454', '18565478426', '浙江百瑞国际大酒店 ', '2018-01-27 15:28:31', '2018-01-27 15:28:31');
INSERT INTO `userhistory` VALUES ('455', '18565478426', '杭州西溪喜来登度假大酒店', '2018-01-27 15:30:39', '2018-01-27 15:30:39');
INSERT INTO `userhistory` VALUES ('456', '18565478426', '杭州湖滨君亭酒店 ', '2018-01-27 15:31:01', '2018-01-27 15:31:01');
INSERT INTO `userhistory` VALUES ('457', '18565478426', '杭州开元名都大酒店', '2018-01-27 15:31:06', '2018-01-27 15:31:06');
INSERT INTO `userhistory` VALUES ('458', '18565478426', '杭州凯悦酒店', '2018-01-27 15:31:07', '2018-01-27 15:31:07');
INSERT INTO `userhistory` VALUES ('459', '18565478426', '杭州凯悦酒店', '2018-01-27 15:31:20', '2018-01-27 15:31:20');
INSERT INTO `userhistory` VALUES ('460', '18565478426', '浙江百瑞国际大酒店 ', '2018-01-27 16:05:58', '2018-01-27 16:05:58');
INSERT INTO `userhistory` VALUES ('461', '18565478426', '浙江百瑞国际大酒店 ', '2018-01-27 16:06:03', '2018-01-27 16:06:03');
INSERT INTO `userhistory` VALUES ('462', '18211672566', '杭州凯悦酒店', '2018-01-27 17:50:18', '2018-01-27 17:50:18');
INSERT INTO `userhistory` VALUES ('463', '18211672566', '杭州凯悦酒店', '2018-01-27 17:50:27', '2018-01-27 17:50:27');
INSERT INTO `userhistory` VALUES ('464', '18211672566', '杭州凯悦酒店', '2018-01-27 17:50:29', '2018-01-27 17:50:29');
INSERT INTO `userhistory` VALUES ('465', '18211672566', '杭州湖滨君亭酒店 ', '2018-01-27 17:50:32', '2018-01-27 17:50:32');
INSERT INTO `userhistory` VALUES ('466', '18211672566', '杭州湖滨君亭酒店 ', '2018-01-27 17:50:40', '2018-01-27 17:50:40');
INSERT INTO `userhistory` VALUES ('467', '18211672566', '杭州开元名都大酒店', '2018-01-27 17:53:24', '2018-01-27 17:53:24');
INSERT INTO `userhistory` VALUES ('468', '18211672566', '上海同文君亭酒店 ', '2018-01-27 17:53:53', '2018-01-27 17:53:53');
INSERT INTO `userhistory` VALUES ('469', '18211672566', '杭州凯悦酒店', '2018-01-27 17:54:11', '2018-01-27 17:54:11');
INSERT INTO `userhistory` VALUES ('470', '15603016541', '杭州开元名都大酒店', '2018-01-27 18:39:57', '2018-01-27 18:39:57');
INSERT INTO `userhistory` VALUES ('471', '15603016541', '杭州开元名都大酒店', '2018-01-29 10:58:35', '2018-01-29 10:58:35');
INSERT INTO `userhistory` VALUES ('472', '15603016541', '杭州凯悦酒店', '2018-01-29 10:58:42', '2018-01-29 10:58:42');
SET FOREIGN_KEY_CHECKS=1;
